"ecoregion"|"provinc"|"realm"|"first_level_code"|"first_level"|"second_level_code"|"second_level"|"third_level_code"|"third_level"|"source"
"North Greenland"|"Arctic"|"Arctic"|"20001"|"North Greenland"|"1"|"Arctic"|"1"|"Arctic"|"meow"
"North and East Iceland"|"Arctic"|"Arctic"|"20002"|"North and East Iceland"|"1"|"Arctic"|"1"|"Arctic"|"meow"
"East Greenland Shelf"|"Arctic"|"Arctic"|"20003"|"East Greenland Shelf"|"1"|"Arctic"|"1"|"Arctic"|"meow"
"West Greenland Shelf"|"Arctic"|"Arctic"|"20004"|"West Greenland Shelf"|"1"|"Arctic"|"1"|"Arctic"|"meow"
"Northern Grand Banks - Southern Labrador"|"Arctic"|"Arctic"|"20005"|"Northern Grand Banks - Southern Labrador"|"1"|"Arctic"|"1"|"Arctic"|"meow"
"Northern Labrador"|"Arctic"|"Arctic"|"20006"|"Northern Labrador"|"1"|"Arctic"|"1"|"Arctic"|"meow"
"Hudson Complex"|"Arctic"|"Arctic"|"20008"|"Hudson Complex"|"1"|"Arctic"|"1"|"Arctic"|"meow"
"Beaufort-Amundsen-Viscount Melville-Queen Maud"|"Arctic"|"Arctic"|"20011"|"Beaufort-Amundsen-Viscount Melville-Queen Maud"|"1"|"Arctic"|"1"|"Arctic"|"meow"
"Beaufort Sea - continental coast and shelf"|"Arctic"|"Arctic"|"20012"|"Beaufort Sea - continental coast and shelf"|"1"|"Arctic"|"1"|"Arctic"|"meow"
"Chukchi Sea"|"Arctic"|"Arctic"|"20013"|"Chukchi Sea"|"1"|"Arctic"|"1"|"Arctic"|"meow"
"East Siberian Sea"|"Arctic"|"Arctic"|"20015"|"East Siberian Sea"|"1"|"Arctic"|"1"|"Arctic"|"meow"
"Laptev Sea"|"Arctic"|"Arctic"|"20016"|"Laptev Sea"|"1"|"Arctic"|"1"|"Arctic"|"meow"
"Kara Sea"|"Arctic"|"Arctic"|"20017"|"Kara Sea"|"1"|"Arctic"|"1"|"Arctic"|"meow"
"North and East Barents Sea"|"Arctic"|"Arctic"|"20018"|"North and East Barents Sea"|"1"|"Arctic"|"1"|"Arctic"|"meow"
"White Sea"|"Arctic"|"Arctic"|"20019"|"White Sea"|"1"|"Arctic"|"1"|"Arctic"|"meow"
"South and West Iceland"|"Northern European Seas"|"Temperate Northern Atlantic"|"20020"|"South and West Iceland"|"2"|"Northern European Seas"|"2"|"Temperate Northern Atlantic"|"meow"
"Faroe Plateau"|"Northern European Seas"|"Temperate Northern Atlantic"|"20021"|"Faroe Plateau"|"2"|"Northern European Seas"|"2"|"Temperate Northern Atlantic"|"meow"
"Southern Norway"|"Northern European Seas"|"Temperate Northern Atlantic"|"20022"|"Southern Norway"|"2"|"Northern European Seas"|"2"|"Temperate Northern Atlantic"|"meow"
"Northern Norway and Finnmark"|"Northern European Seas"|"Temperate Northern Atlantic"|"20023"|"Northern Norway and Finnmark"|"2"|"Northern European Seas"|"2"|"Temperate Northern Atlantic"|"meow"
"Baltic Sea"|"Northern European Seas"|"Temperate Northern Atlantic"|"20024"|"Baltic Sea"|"2"|"Northern European Seas"|"2"|"Temperate Northern Atlantic"|"meow"
"North Sea"|"Northern European Seas"|"Temperate Northern Atlantic"|"20025"|"North Sea"|"2"|"Northern European Seas"|"2"|"Temperate Northern Atlantic"|"meow"
"Celtic Seas"|"Northern European Seas"|"Temperate Northern Atlantic"|"20026"|"Celtic Seas"|"2"|"Northern European Seas"|"2"|"Temperate Northern Atlantic"|"meow"
"South European Atlantic Shelf"|"Lusitanian"|"Temperate Northern Atlantic"|"20027"|"South European Atlantic Shelf"|"3"|"Lusitanian"|"2"|"Temperate Northern Atlantic"|"meow"
"Saharan Upwelling"|"Lusitanian"|"Temperate Northern Atlantic"|"20028"|"Saharan Upwelling"|"3"|"Lusitanian"|"2"|"Temperate Northern Atlantic"|"meow"
"Azores Canaries Madeira"|"Lusitanian"|"Temperate Northern Atlantic"|"20029"|"Azores Canaries Madeira"|"3"|"Lusitanian"|"2"|"Temperate Northern Atlantic"|"meow"
"Adriatic Sea"|"Mediterranean Sea"|"Temperate Northern Atlantic"|"20030"|"Adriatic Sea"|"4"|"Mediterranean Sea"|"2"|"Temperate Northern Atlantic"|"meow"
"Gulf of St. Lawrence - Eastern Scotian Shelf"|"Cold Temperate Northwest Atlantic"|"Temperate Northern Atlantic"|"20037"|"Gulf of St. Lawrence - Eastern Scotian Shelf"|"5"|"Cold Temperate Northwest Atlantic"|"2"|"Temperate Northern Atlantic"|"meow"
"Southern Grand Banks - South Newfoundland"|"Cold Temperate Northwest Atlantic"|"Temperate Northern Atlantic"|"20038"|"Southern Grand Banks - South Newfoundland"|"5"|"Cold Temperate Northwest Atlantic"|"2"|"Temperate Northern Atlantic"|"meow"
"Scotian Shelf"|"Cold Temperate Northwest Atlantic"|"Temperate Northern Atlantic"|"20039"|"Scotian Shelf"|"5"|"Cold Temperate Northwest Atlantic"|"2"|"Temperate Northern Atlantic"|"meow"
"Virginian"|"Cold Temperate Northwest Atlantic"|"Temperate Northern Atlantic"|"20041"|"Virginian"|"5"|"Cold Temperate Northwest Atlantic"|"2"|"Temperate Northern Atlantic"|"meow"
"Northern Gulf of Mexico"|"Warm Temperate Northwest Atlantic"|"Temperate Northern Atlantic"|"20043"|"Northern Gulf of Mexico"|"6"|"Warm Temperate Northwest Atlantic"|"2"|"Temperate Northern Atlantic"|"meow"
"Black Sea"|"Black Sea"|"Temperate Northern Atlantic"|"20044"|"Black Sea"|"7"|"Black Sea"|"2"|"Temperate Northern Atlantic"|"meow"
"Sea of Okhotsk"|"Cold Temperate Northwest Pacific"|"Temperate Northern Pacific"|"20045"|"Sea of Okhotsk"|"8"|"Cold Temperate Northwest Pacific"|"3"|"Temperate Northern Pacific"|"meow"
"Oyashio Current"|"Cold Temperate Northwest Pacific"|"Temperate Northern Pacific"|"20047"|"Oyashio Current"|"8"|"Cold Temperate Northwest Pacific"|"3"|"Temperate Northern Pacific"|"meow"
"Northeastern Honshu"|"Cold Temperate Northwest Pacific"|"Temperate Northern Pacific"|"20048"|"Northeastern Honshu"|"8"|"Cold Temperate Northwest Pacific"|"3"|"Temperate Northern Pacific"|"meow"
"Sea of Japan"|"Cold Temperate Northwest Pacific"|"Temperate Northern Pacific"|"20049"|"Sea of Japan"|"8"|"Cold Temperate Northwest Pacific"|"3"|"Temperate Northern Pacific"|"meow"
"Yellow Sea"|"Cold Temperate Northwest Pacific"|"Temperate Northern Pacific"|"20050"|"Yellow Sea"|"8"|"Cold Temperate Northwest Pacific"|"3"|"Temperate Northern Pacific"|"meow"
"Central Kuroshio Current"|"Warm Temperate Northwest Pacific"|"Temperate Northern Pacific"|"20051"|"Central Kuroshio Current"|"9"|"Warm Temperate Northwest Pacific"|"3"|"Temperate Northern Pacific"|"meow"
"East China Sea"|"Warm Temperate Northwest Pacific"|"Temperate Northern Pacific"|"20052"|"East China Sea"|"9"|"Warm Temperate Northwest Pacific"|"3"|"Temperate Northern Pacific"|"meow"
"Aleutian Islands"|"Cold Temperate Northeast Pacific"|"Temperate Northern Pacific"|"20053"|"Aleutian Islands"|"10"|"Cold Temperate Northeast Pacific"|"3"|"Temperate Northern Pacific"|"meow"
"Gulf of Alaska"|"Cold Temperate Northeast Pacific"|"Temperate Northern Pacific"|"20054"|"Gulf of Alaska"|"10"|"Cold Temperate Northeast Pacific"|"3"|"Temperate Northern Pacific"|"meow"
"Cortezian"|"Warm Temperate Northeast Pacific"|"Temperate Northern Pacific"|"20060"|"Cortezian"|"11"|"Warm Temperate Northeast Pacific"|"3"|"Temperate Northern Pacific"|"meow"
"Magdalena Transition"|"Warm Temperate Northeast Pacific"|"Temperate Northern Pacific"|"20061"|"Magdalena Transition"|"11"|"Warm Temperate Northeast Pacific"|"3"|"Temperate Northern Pacific"|"meow"
"Bermuda"|"Tropical Northwestern Atlantic"|"Tropical Atlantic"|"20062"|"Bermuda"|"12"|"Tropical Northwestern Atlantic"|"4"|"Tropical Atlantic"|"meow"
"Bahamian"|"Tropical Northwestern Atlantic"|"Tropical Atlantic"|"20063"|"Bahamian"|"12"|"Tropical Northwestern Atlantic"|"4"|"Tropical Atlantic"|"meow"
"Eastern Caribbean"|"Tropical Northwestern Atlantic"|"Tropical Atlantic"|"20064"|"Eastern Caribbean"|"12"|"Tropical Northwestern Atlantic"|"4"|"Tropical Atlantic"|"meow"
"Greater Antilles"|"Tropical Northwestern Atlantic"|"Tropical Atlantic"|"20065"|"Greater Antilles"|"12"|"Tropical Northwestern Atlantic"|"4"|"Tropical Atlantic"|"meow"
"Southern Caribbean"|"Tropical Northwestern Atlantic"|"Tropical Atlantic"|"20066"|"Southern Caribbean"|"12"|"Tropical Northwestern Atlantic"|"4"|"Tropical Atlantic"|"meow"
"Southwestern Caribbean"|"Tropical Northwestern Atlantic"|"Tropical Atlantic"|"20067"|"Southwestern Caribbean"|"12"|"Tropical Northwestern Atlantic"|"4"|"Tropical Atlantic"|"meow"
"Western Caribbean"|"Tropical Northwestern Atlantic"|"Tropical Atlantic"|"20068"|"Western Caribbean"|"12"|"Tropical Northwestern Atlantic"|"4"|"Tropical Atlantic"|"meow"
"Southern Gulf of Mexico"|"Tropical Northwestern Atlantic"|"Tropical Atlantic"|"20069"|"Southern Gulf of Mexico"|"12"|"Tropical Northwestern Atlantic"|"4"|"Tropical Atlantic"|"meow"
"Floridian"|"Tropical Northwestern Atlantic"|"Tropical Atlantic"|"20070"|"Floridian"|"12"|"Tropical Northwestern Atlantic"|"4"|"Tropical Atlantic"|"meow"
"Guianan"|"North Brazil Shelf"|"Tropical Atlantic"|"20071"|"Guianan"|"13"|"North Brazil Shelf"|"4"|"Tropical Atlantic"|"meow"
"Amazonia"|"North Brazil Shelf"|"Tropical Atlantic"|"20072"|"Amazonia"|"13"|"North Brazil Shelf"|"4"|"Tropical Atlantic"|"meow"
"Sao Pedro and Sao Paulo Islands"|"Tropical Southwestern Atlantic"|"Tropical Atlantic"|"20073"|"Sao Pedro and Sao Paulo Islands"|"14"|"Tropical Southwestern Atlantic"|"4"|"Tropical Atlantic"|"meow"
"Fernando de Naronha and Atoll das Rocas"|"Tropical Southwestern Atlantic"|"Tropical Atlantic"|"20074"|"Fernando de Naronha and Atoll das Rocas"|"14"|"Tropical Southwestern Atlantic"|"4"|"Tropical Atlantic"|"meow"
"Northeastern Brazil"|"Tropical Southwestern Atlantic"|"Tropical Atlantic"|"20075"|"Northeastern Brazil"|"14"|"Tropical Southwestern Atlantic"|"4"|"Tropical Atlantic"|"meow"
"Eastern Brazil"|"Tropical Southwestern Atlantic"|"Tropical Atlantic"|"20076"|"Eastern Brazil"|"14"|"Tropical Southwestern Atlantic"|"4"|"Tropical Atlantic"|"meow"
"Trindade and Martin Vaz Islands"|"Tropical Southwestern Atlantic"|"Tropical Atlantic"|"20077"|"Trindade and Martin Vaz Islands"|"14"|"Tropical Southwestern Atlantic"|"4"|"Tropical Atlantic"|"meow"
"St. Helena and Ascension Islands"|"St. Helena and Ascension Islands"|"Tropical Atlantic"|"20078"|"St. Helena and Ascension Islands"|"15"|"St. Helena and Ascension Islands"|"4"|"Tropical Atlantic"|"meow"
"Cape Verde"|"West African Transition"|"Tropical Atlantic"|"20079"|"Cape Verde"|"16"|"West African Transition"|"4"|"Tropical Atlantic"|"meow"
"Gulf of Guinea Upwelling"|"Gulf of Guinea"|"Tropical Atlantic"|"20082"|"Gulf of Guinea Upwelling"|"17"|"Gulf of Guinea"|"4"|"Tropical Atlantic"|"meow"
"Gulf of Guinea Central"|"Gulf of Guinea"|"Tropical Atlantic"|"20083"|"Gulf of Guinea Central"|"17"|"Gulf of Guinea"|"4"|"Tropical Atlantic"|"meow"
"Gulf of Guinea Islands"|"Gulf of Guinea"|"Tropical Atlantic"|"20084"|"Gulf of Guinea Islands"|"17"|"Gulf of Guinea"|"4"|"Tropical Atlantic"|"meow"
"Northern and Central Red Sea"|"Red Sea and Gulf of Aden"|"Western Indo-Pacific"|"20087"|"Northern and Central Red Sea"|"18"|"Red Sea and Gulf of Aden"|"5"|"Western Indo-Pacific"|"meow"
"Southern Red Sea"|"Red Sea and Gulf of Aden"|"Western Indo-Pacific"|"20088"|"Southern Red Sea"|"18"|"Red Sea and Gulf of Aden"|"5"|"Western Indo-Pacific"|"meow"
"Gulf of Aden"|"Red Sea and Gulf of Aden"|"Western Indo-Pacific"|"20089"|"Gulf of Aden"|"18"|"Red Sea and Gulf of Aden"|"5"|"Western Indo-Pacific"|"meow"
"Arabian (Persian) Gulf"|"Somali/Arabian"|"Western Indo-Pacific"|"20090"|"Arabian (Persian) Gulf"|"19"|"Somali/Arabian"|"5"|"Western Indo-Pacific"|"meow"
"Gulf of Oman"|"Somali/Arabian"|"Western Indo-Pacific"|"20091"|"Gulf of Oman"|"19"|"Somali/Arabian"|"5"|"Western Indo-Pacific"|"meow"
"Western Arabian Sea"|"Somali/Arabian"|"Western Indo-Pacific"|"20092"|"Western Arabian Sea"|"19"|"Somali/Arabian"|"5"|"Western Indo-Pacific"|"meow"
"Central Somali Coast"|"Somali/Arabian"|"Western Indo-Pacific"|"20093"|"Central Somali Coast"|"19"|"Somali/Arabian"|"5"|"Western Indo-Pacific"|"meow"
"Northern Monsoon Current Coast"|"Western Indian Ocean"|"Western Indo-Pacific"|"20094"|"Northern Monsoon Current Coast"|"20"|"Western Indian Ocean"|"5"|"Western Indo-Pacific"|"meow"
"East African Coral Coast"|"Western Indian Ocean"|"Western Indo-Pacific"|"20095"|"East African Coral Coast"|"20"|"Western Indian Ocean"|"5"|"Western Indo-Pacific"|"meow"
"Seychelles"|"Western Indian Ocean"|"Western Indo-Pacific"|"20096"|"Seychelles"|"20"|"Western Indian Ocean"|"5"|"Western Indo-Pacific"|"meow"
"Cargados Carajos/Tromelin Island"|"Western Indian Ocean"|"Western Indo-Pacific"|"20097"|"Cargados Carajos/Tromelin Island"|"20"|"Western Indian Ocean"|"5"|"Western Indo-Pacific"|"meow"
"Mascarene Islands"|"Western Indian Ocean"|"Western Indo-Pacific"|"20098"|"Mascarene Islands"|"20"|"Western Indian Ocean"|"5"|"Western Indo-Pacific"|"meow"
"Southeast Madagascar"|"Western Indian Ocean"|"Western Indo-Pacific"|"20099"|"Southeast Madagascar"|"20"|"Western Indian Ocean"|"5"|"Western Indo-Pacific"|"meow"
"Western and Northern Madagascar"|"Western Indian Ocean"|"Western Indo-Pacific"|"20100"|"Western and Northern Madagascar"|"20"|"Western Indian Ocean"|"5"|"Western Indo-Pacific"|"meow"
"Bight of Sofala/Swamp Coast"|"Western Indian Ocean"|"Western Indo-Pacific"|"20101"|"Bight of Sofala/Swamp Coast"|"20"|"Western Indian Ocean"|"5"|"Western Indo-Pacific"|"meow"
"Delagoa"|"Western Indian Ocean"|"Western Indo-Pacific"|"20102"|"Delagoa"|"20"|"Western Indian Ocean"|"5"|"Western Indo-Pacific"|"meow"
"Western India"|"West and South Indian Shelf"|"Western Indo-Pacific"|"20103"|"Western India"|"21"|"West and South Indian Shelf"|"5"|"Western Indo-Pacific"|"meow"
"South India and Sri Lanka"|"West and South Indian Shelf"|"Western Indo-Pacific"|"20104"|"South India and Sri Lanka"|"21"|"West and South Indian Shelf"|"5"|"Western Indo-Pacific"|"meow"
"Maldives"|"Central Indian Ocean Islands"|"Western Indo-Pacific"|"20105"|"Maldives"|"22"|"Central Indian Ocean Islands"|"5"|"Western Indo-Pacific"|"meow"
"Chagos"|"Central Indian Ocean Islands"|"Western Indo-Pacific"|"20106"|"Chagos"|"22"|"Central Indian Ocean Islands"|"5"|"Western Indo-Pacific"|"meow"
"Eastern India"|"Bay of Bengal"|"Western Indo-Pacific"|"20107"|"Eastern India"|"23"|"Bay of Bengal"|"5"|"Western Indo-Pacific"|"meow"
"Northern Bay of Bengal"|"Bay of Bengal"|"Western Indo-Pacific"|"20108"|"Northern Bay of Bengal"|"23"|"Bay of Bengal"|"5"|"Western Indo-Pacific"|"meow"
"Andaman and Nicobar Islands"|"Andaman"|"Western Indo-Pacific"|"20109"|"Andaman and Nicobar Islands"|"24"|"Andaman"|"5"|"Western Indo-Pacific"|"meow"
"Andaman Sea Coral Coast"|"Andaman"|"Western Indo-Pacific"|"20110"|"Andaman Sea Coral Coast"|"24"|"Andaman"|"5"|"Western Indo-Pacific"|"meow"
"Western Sumatra"|"Andaman"|"Western Indo-Pacific"|"20111"|"Western Sumatra"|"24"|"Andaman"|"5"|"Western Indo-Pacific"|"meow"
"Gulf of Tonkin"|"South China Sea"|"Central Indo-Pacific"|"20112"|"Gulf of Tonkin"|"25"|"South China Sea"|"6"|"Central Indo-Pacific"|"meow"
"Southern China"|"South China Sea"|"Central Indo-Pacific"|"20113"|"Southern China"|"25"|"South China Sea"|"6"|"Central Indo-Pacific"|"meow"
"South China Sea Oceanic Islands"|"South China Sea"|"Central Indo-Pacific"|"20114"|"South China Sea Oceanic Islands"|"25"|"South China Sea"|"6"|"Central Indo-Pacific"|"meow"
"Gulf of Thailand"|"Sunda Shelf"|"Central Indo-Pacific"|"20115"|"Gulf of Thailand"|"26"|"Sunda Shelf"|"6"|"Central Indo-Pacific"|"meow"
"Southern Vietnam"|"Sunda Shelf"|"Central Indo-Pacific"|"20116"|"Southern Vietnam"|"26"|"Sunda Shelf"|"6"|"Central Indo-Pacific"|"meow"
"Sunda Shelf/Java Sea"|"Sunda Shelf"|"Central Indo-Pacific"|"20117"|"Sunda Shelf/Java Sea"|"26"|"Sunda Shelf"|"6"|"Central Indo-Pacific"|"meow"
"Malacca Strait"|"Sunda Shelf"|"Central Indo-Pacific"|"20118"|"Malacca Strait"|"26"|"Sunda Shelf"|"6"|"Central Indo-Pacific"|"meow"
"Southern Java"|"Java Transitional"|"Central Indo-Pacific"|"20119"|"Southern Java"|"27"|"Java Transitional"|"6"|"Central Indo-Pacific"|"meow"
"Cocos-Keeling/Christmas Island"|"Java Transitional"|"Central Indo-Pacific"|"20120"|"Cocos-Keeling/Christmas Island"|"27"|"Java Transitional"|"6"|"Central Indo-Pacific"|"meow"
"South Kuroshio"|"South Kuroshio"|"Central Indo-Pacific"|"20121"|"South Kuroshio"|"28"|"South Kuroshio"|"6"|"Central Indo-Pacific"|"meow"
"Ogasawara Islands"|"Tropical Northwestern Pacific"|"Central Indo-Pacific"|"20122"|"Ogasawara Islands"|"29"|"Tropical Northwestern Pacific"|"6"|"Central Indo-Pacific"|"meow"
"Mariana Islands"|"Tropical Northwestern Pacific"|"Central Indo-Pacific"|"20123"|"Mariana Islands"|"29"|"Tropical Northwestern Pacific"|"6"|"Central Indo-Pacific"|"meow"
"East Caroline Islands"|"Tropical Northwestern Pacific"|"Central Indo-Pacific"|"20124"|"East Caroline Islands"|"29"|"Tropical Northwestern Pacific"|"6"|"Central Indo-Pacific"|"meow"
"West Caroline Islands"|"Tropical Northwestern Pacific"|"Central Indo-Pacific"|"20125"|"West Caroline Islands"|"29"|"Tropical Northwestern Pacific"|"6"|"Central Indo-Pacific"|"meow"
"Palawan/North Borneo"|"Western Coral Triangle"|"Central Indo-Pacific"|"20126"|"Palawan/North Borneo"|"30"|"Western Coral Triangle"|"6"|"Central Indo-Pacific"|"meow"
"Eastern Philippines"|"Western Coral Triangle"|"Central Indo-Pacific"|"20127"|"Eastern Philippines"|"30"|"Western Coral Triangle"|"6"|"Central Indo-Pacific"|"meow"
"Sulawesi Sea/Makassar Strait"|"Western Coral Triangle"|"Central Indo-Pacific"|"20128"|"Sulawesi Sea/Makassar Strait"|"30"|"Western Coral Triangle"|"6"|"Central Indo-Pacific"|"meow"
"Halmahera"|"Western Coral Triangle"|"Central Indo-Pacific"|"20129"|"Halmahera"|"30"|"Western Coral Triangle"|"6"|"Central Indo-Pacific"|"meow"
"Papua"|"Western Coral Triangle"|"Central Indo-Pacific"|"20130"|"Papua"|"30"|"Western Coral Triangle"|"6"|"Central Indo-Pacific"|"meow"
"Banda Sea"|"Western Coral Triangle"|"Central Indo-Pacific"|"20131"|"Banda Sea"|"30"|"Western Coral Triangle"|"6"|"Central Indo-Pacific"|"meow"
"Lesser Sunda"|"Western Coral Triangle"|"Central Indo-Pacific"|"20132"|"Lesser Sunda"|"30"|"Western Coral Triangle"|"6"|"Central Indo-Pacific"|"meow"
"Northeast Sulawesi"|"Western Coral Triangle"|"Central Indo-Pacific"|"20133"|"Northeast Sulawesi"|"30"|"Western Coral Triangle"|"6"|"Central Indo-Pacific"|"meow"
"Bismarck Sea"|"Eastern Coral Triangle"|"Central Indo-Pacific"|"20134"|"Bismarck Sea"|"31"|"Eastern Coral Triangle"|"6"|"Central Indo-Pacific"|"meow"
"Solomon Archipelago"|"Eastern Coral Triangle"|"Central Indo-Pacific"|"20135"|"Solomon Archipelago"|"31"|"Eastern Coral Triangle"|"6"|"Central Indo-Pacific"|"meow"
"Solomon Sea"|"Eastern Coral Triangle"|"Central Indo-Pacific"|"20136"|"Solomon Sea"|"31"|"Eastern Coral Triangle"|"6"|"Central Indo-Pacific"|"meow"
"Southeast Papua New Guinea"|"Eastern Coral Triangle"|"Central Indo-Pacific"|"20137"|"Southeast Papua New Guinea"|"31"|"Eastern Coral Triangle"|"6"|"Central Indo-Pacific"|"meow"
"Gulf of Papua"|"Sahul Shelf"|"Central Indo-Pacific"|"20138"|"Gulf of Papua"|"32"|"Sahul Shelf"|"6"|"Central Indo-Pacific"|"meow"
"Arafura Sea"|"Sahul Shelf"|"Central Indo-Pacific"|"20139"|"Arafura Sea"|"32"|"Sahul Shelf"|"6"|"Central Indo-Pacific"|"meow"
"Arnhem Coast to Gulf of Carpenteria"|"Sahul Shelf"|"Central Indo-Pacific"|"20140"|"Arnhem Coast to Gulf of Carpenteria"|"32"|"Sahul Shelf"|"6"|"Central Indo-Pacific"|"meow"
"Bonaparte Coast"|"Sahul Shelf"|"Central Indo-Pacific"|"20141"|"Bonaparte Coast"|"32"|"Sahul Shelf"|"6"|"Central Indo-Pacific"|"meow"
"Torres Strait Northern Great Barrier Reef"|"Northeast Australian Shelf"|"Central Indo-Pacific"|"20142"|"Torres Strait Northern Great Barrier Reef"|"33"|"Northeast Australian Shelf"|"6"|"Central Indo-Pacific"|"meow"
"Central and Southern Great Barrier Reef"|"Northeast Australian Shelf"|"Central Indo-Pacific"|"20143"|"Central and Southern Great Barrier Reef"|"33"|"Northeast Australian Shelf"|"6"|"Central Indo-Pacific"|"meow"
"Exmouth to Broome"|"Northwest Australian Shelf"|"Central Indo-Pacific"|"20144"|"Exmouth to Broome"|"34"|"Northwest Australian Shelf"|"6"|"Central Indo-Pacific"|"meow"
"Ningaloo"|"Northwest Australian Shelf"|"Central Indo-Pacific"|"20145"|"Ningaloo"|"34"|"Northwest Australian Shelf"|"6"|"Central Indo-Pacific"|"meow"
"Tonga Islands"|"Tropical Southwestern Pacific"|"Central Indo-Pacific"|"20146"|"Tonga Islands"|"35"|"Tropical Southwestern Pacific"|"6"|"Central Indo-Pacific"|"meow"
"Vanuatu"|"Tropical Southwestern Pacific"|"Central Indo-Pacific"|"20148"|"Vanuatu"|"35"|"Tropical Southwestern Pacific"|"6"|"Central Indo-Pacific"|"meow"
"New Caledonia"|"Tropical Southwestern Pacific"|"Central Indo-Pacific"|"20149"|"New Caledonia"|"35"|"Tropical Southwestern Pacific"|"6"|"Central Indo-Pacific"|"meow"
"Coral Sea"|"Tropical Southwestern Pacific"|"Central Indo-Pacific"|"20150"|"Coral Sea"|"35"|"Tropical Southwestern Pacific"|"6"|"Central Indo-Pacific"|"meow"
"Lord Howe and Norfolk Islands"|"Lord Howe and Norfolk Islands"|"Central Indo-Pacific"|"20151"|"Lord Howe and Norfolk Islands"|"36"|"Lord Howe and Norfolk Islands"|"6"|"Central Indo-Pacific"|"meow"
"Marshall Islands"|"Marshall, Gilbert and Ellis Islands"|"Eastern Indo-Pacific"|"20153"|"Marshall Islands"|"38"|"Marshall, Gilbert and Ellis Islands"|"7"|"Eastern Indo-Pacific"|"meow"
"Line Islands"|"Central Polynesia"|"Eastern Indo-Pacific"|"20155"|"Line Islands"|"39"|"Central Polynesia"|"7"|"Eastern Indo-Pacific"|"meow"
"Phoenix/Tokelau/Northern Cook Islands"|"Central Polynesia"|"Eastern Indo-Pacific"|"20156"|"Phoenix/Tokelau/Northern Cook Islands"|"39"|"Central Polynesia"|"7"|"Eastern Indo-Pacific"|"meow"
"Samoa Islands"|"Central Polynesia"|"Eastern Indo-Pacific"|"20157"|"Samoa Islands"|"39"|"Central Polynesia"|"7"|"Eastern Indo-Pacific"|"meow"
"Tuamotus"|"Southeast Polynesia"|"Eastern Indo-Pacific"|"20158"|"Tuamotus"|"40"|"Southeast Polynesia"|"7"|"Eastern Indo-Pacific"|"meow"
"Rapa-Pitcairn"|"Southeast Polynesia"|"Eastern Indo-Pacific"|"20159"|"Rapa-Pitcairn"|"40"|"Southeast Polynesia"|"7"|"Eastern Indo-Pacific"|"meow"
"Southern Cook/Austral Islands"|"Southeast Polynesia"|"Eastern Indo-Pacific"|"20160"|"Southern Cook/Austral Islands"|"40"|"Southeast Polynesia"|"7"|"Eastern Indo-Pacific"|"meow"
"Society Islands"|"Southeast Polynesia"|"Eastern Indo-Pacific"|"20161"|"Society Islands"|"40"|"Southeast Polynesia"|"7"|"Eastern Indo-Pacific"|"meow"
"Marquesas"|"Marquesas"|"Eastern Indo-Pacific"|"20162"|"Marquesas"|"41"|"Marquesas"|"7"|"Eastern Indo-Pacific"|"meow"
"Easter Island"|"Easter Island"|"Eastern Indo-Pacific"|"20163"|"Easter Island"|"42"|"Easter Island"|"7"|"Eastern Indo-Pacific"|"meow"
"Revillagigedos"|"Tropical East Pacific"|"Tropical Eastern Pacific"|"20164"|"Revillagigedos"|"43"|"Tropical East Pacific"|"8"|"Tropical Eastern Pacific"|"meow"
"Clipperton"|"Tropical East Pacific"|"Tropical Eastern Pacific"|"20165"|"Clipperton"|"43"|"Tropical East Pacific"|"8"|"Tropical Eastern Pacific"|"meow"
"Mexican Tropical Pacific"|"Tropical East Pacific"|"Tropical Eastern Pacific"|"20166"|"Mexican Tropical Pacific"|"43"|"Tropical East Pacific"|"8"|"Tropical Eastern Pacific"|"meow"
"Chiapas-Nicaragua"|"Tropical East Pacific"|"Tropical Eastern Pacific"|"20167"|"Chiapas-Nicaragua"|"43"|"Tropical East Pacific"|"8"|"Tropical Eastern Pacific"|"meow"
"Nicoya"|"Tropical East Pacific"|"Tropical Eastern Pacific"|"20168"|"Nicoya"|"43"|"Tropical East Pacific"|"8"|"Tropical Eastern Pacific"|"meow"
"Cocos Islands"|"Tropical East Pacific"|"Tropical Eastern Pacific"|"20169"|"Cocos Islands"|"43"|"Tropical East Pacific"|"8"|"Tropical Eastern Pacific"|"meow"
"Panama Bight"|"Tropical East Pacific"|"Tropical Eastern Pacific"|"20170"|"Panama Bight"|"43"|"Tropical East Pacific"|"8"|"Tropical Eastern Pacific"|"meow"
"Guayaquil"|"Tropical East Pacific"|"Tropical Eastern Pacific"|"20171"|"Guayaquil"|"43"|"Tropical East Pacific"|"8"|"Tropical Eastern Pacific"|"meow"
"Northern Galapagos Islands"|"Galapagos"|"Tropical Eastern Pacific"|"20172"|"Northern Galapagos Islands"|"44"|"Galapagos"|"8"|"Tropical Eastern Pacific"|"meow"
"Eastern Galapagos Islands"|"Galapagos"|"Tropical Eastern Pacific"|"20173"|"Eastern Galapagos Islands"|"44"|"Galapagos"|"8"|"Tropical Eastern Pacific"|"meow"
"Western Galapagos Islands"|"Galapagos"|"Tropical Eastern Pacific"|"20174"|"Western Galapagos Islands"|"44"|"Galapagos"|"8"|"Tropical Eastern Pacific"|"meow"
"Central Peru"|"Warm Temperate Southeastern Pacific"|"Temperate South America"|"20175"|"Central Peru"|"45"|"Warm Temperate Southeastern Pacific"|"9"|"Temperate South America"|"meow"
"Humboldtian"|"Warm Temperate Southeastern Pacific"|"Temperate South America"|"20176"|"Humboldtian"|"45"|"Warm Temperate Southeastern Pacific"|"9"|"Temperate South America"|"meow"
"Central Chile"|"Warm Temperate Southeastern Pacific"|"Temperate South America"|"20177"|"Central Chile"|"45"|"Warm Temperate Southeastern Pacific"|"9"|"Temperate South America"|"meow"
"Araucanian"|"Warm Temperate Southeastern Pacific"|"Temperate South America"|"20178"|"Araucanian"|"45"|"Warm Temperate Southeastern Pacific"|"9"|"Temperate South America"|"meow"
"Juan Fern ndez and Desventuradas"|"Juan Fern ndez and Desventuradas"|"Temperate South America"|"20179"|"Juan Fernández and Desventuradas"|"46"|"Juan Fernández and Desventuradas"|"9"|"Temperate South America"|"meow"
"Southeastern Brazil"|"Warm Temperate Southwestern Atlantic"|"Temperate South America"|"20180"|"Southeastern Brazil"|"47"|"Warm Temperate Southwestern Atlantic"|"9"|"Temperate South America"|"meow"
"Rio Grande"|"Warm Temperate Southwestern Atlantic"|"Temperate South America"|"20181"|"Rio Grande"|"47"|"Warm Temperate Southwestern Atlantic"|"9"|"Temperate South America"|"meow"
"Rio de la Plata"|"Warm Temperate Southwestern Atlantic"|"Temperate South America"|"20182"|"Rio de la Plata"|"47"|"Warm Temperate Southwestern Atlantic"|"9"|"Temperate South America"|"meow"
"Uruguay-Buenos Aires Shelf"|"Warm Temperate Southwestern Atlantic"|"Temperate South America"|"20183"|"Uruguay-Buenos Aires Shelf"|"47"|"Warm Temperate Southwestern Atlantic"|"9"|"Temperate South America"|"meow"
"Malvinas/Falklands"|"Magellanic"|"Temperate South America"|"20186"|"Malvinas/Falklands"|"48"|"Magellanic"|"9"|"Temperate South America"|"meow"
"Channels and Fjords of Southern Chile"|"Magellanic"|"Temperate South America"|"20187"|"Channels and Fjords of Southern Chile"|"48"|"Magellanic"|"9"|"Temperate South America"|"meow"
"Chiloense"|"Magellanic"|"Temperate South America"|"20188"|"Chiloense"|"48"|"Magellanic"|"9"|"Temperate South America"|"meow"
"Tristan Gough"|"Tristan Gough"|"Temperate South America"|"20189"|"Tristan Gough"|"49"|"Tristan Gough"|"9"|"Temperate South America"|"meow"
"Namaqua"|"Benguela"|"Temperate Southern Africa"|"20191"|"Namaqua"|"50"|"Benguela"|"10"|"Temperate Southern Africa"|"meow"
"Agulhas Bank"|"Agulhas"|"Temperate Southern Africa"|"20192"|"Agulhas Bank"|"51"|"Agulhas"|"10"|"Temperate Southern Africa"|"meow"
"Natal"|"Agulhas"|"Temperate Southern Africa"|"20193"|"Natal"|"51"|"Agulhas"|"10"|"Temperate Southern Africa"|"meow"
"Amsterdam-St Paul"|"Amsterdam-St Paul"|"Temperate Southern Africa"|"20194"|"Amsterdam-St Paul"|"52"|"Amsterdam-St Paul"|"10"|"Temperate Southern Africa"|"meow"
"Three Kings-North Cape"|"Northern New Zealand"|"Temperate Australasia"|"20197"|"Three Kings-North Cape"|"53"|"Northern New Zealand"|"11"|"Temperate Australasia"|"meow"
"South New Zealand"|"Southern New Zealand"|"Temperate Australasia"|"20200"|"South New Zealand"|"54"|"Southern New Zealand"|"11"|"Temperate Australasia"|"meow"
"Snares Island"|"Southern New Zealand"|"Temperate Australasia"|"20201"|"Snares Island"|"54"|"Southern New Zealand"|"11"|"Temperate Australasia"|"meow"
"Tweed-Moreton"|"East Central Australian Shelf"|"Temperate Australasia"|"20202"|"Tweed-Moreton"|"55"|"East Central Australian Shelf"|"11"|"Temperate Australasia"|"meow"
"Manning-Hawkesbury"|"East Central Australian Shelf"|"Temperate Australasia"|"20203"|"Manning-Hawkesbury"|"55"|"East Central Australian Shelf"|"11"|"Temperate Australasia"|"meow"
"Cape Howe"|"Southeast Australian Shelf"|"Temperate Australasia"|"20204"|"Cape Howe"|"56"|"Southeast Australian Shelf"|"11"|"Temperate Australasia"|"meow"
"Bassian"|"Southeast Australian Shelf"|"Temperate Australasia"|"20205"|"Bassian"|"56"|"Southeast Australian Shelf"|"11"|"Temperate Australasia"|"meow"
"Western Bassian"|"Southeast Australian Shelf"|"Temperate Australasia"|"20206"|"Western Bassian"|"56"|"Southeast Australian Shelf"|"11"|"Temperate Australasia"|"meow"
"South Australian Gulfs"|"Southwest Australian Shelf"|"Temperate Australasia"|"20207"|"South Australian Gulfs"|"57"|"Southwest Australian Shelf"|"11"|"Temperate Australasia"|"meow"
"Great Australian Bight"|"Southwest Australian Shelf"|"Temperate Australasia"|"20208"|"Great Australian Bight"|"57"|"Southwest Australian Shelf"|"11"|"Temperate Australasia"|"meow"
"Leeuwin"|"Southwest Australian Shelf"|"Temperate Australasia"|"20209"|"Leeuwin"|"57"|"Southwest Australian Shelf"|"11"|"Temperate Australasia"|"meow"
"Shark Bay"|"West Central Australian Shelf"|"Temperate Australasia"|"20210"|"Shark Bay"|"58"|"West Central Australian Shelf"|"11"|"Temperate Australasia"|"meow"
"Houtman"|"West Central Australian Shelf"|"Temperate Australasia"|"20211"|"Houtman"|"58"|"West Central Australian Shelf"|"11"|"Temperate Australasia"|"meow"
"Macquarie Island"|"Subantarctic Islands"|"Southern Ocean"|"20212"|"Macquarie Island"|"59"|"Subantarctic Islands"|"12"|"Southern Ocean"|"meow"
"Heard and Macdonald Islands"|"Subantarctic Islands"|"Southern Ocean"|"20213"|"Heard and Macdonald Islands"|"59"|"Subantarctic Islands"|"12"|"Southern Ocean"|"meow"
"Kerguelen Islands"|"Subantarctic Islands"|"Southern Ocean"|"20214"|"Kerguelen Islands"|"59"|"Subantarctic Islands"|"12"|"Southern Ocean"|"meow"
"Crozet Islands"|"Subantarctic Islands"|"Southern Ocean"|"20215"|"Crozet Islands"|"59"|"Subantarctic Islands"|"12"|"Southern Ocean"|"meow"
"Prince Edward Islands"|"Subantarctic Islands"|"Southern Ocean"|"20216"|"Prince Edward Islands"|"59"|"Subantarctic Islands"|"12"|"Southern Ocean"|"meow"
"Bouvet Island"|"Subantarctic Islands"|"Southern Ocean"|"20217"|"Bouvet Island"|"59"|"Subantarctic Islands"|"12"|"Southern Ocean"|"meow"
"Peter the First Island"|"Subantarctic Islands"|"Southern Ocean"|"20218"|"Peter the First Island"|"59"|"Subantarctic Islands"|"12"|"Southern Ocean"|"meow"
"South Sandwich Islands"|"Scotia Sea"|"Southern Ocean"|"20219"|"South Sandwich Islands"|"60"|"Scotia Sea"|"12"|"Southern Ocean"|"meow"
"South Georgia"|"Scotia Sea"|"Southern Ocean"|"20220"|"South Georgia"|"60"|"Scotia Sea"|"12"|"Southern Ocean"|"meow"
"South Orkney Islands"|"Scotia Sea"|"Southern Ocean"|"20221"|"South Orkney Islands"|"60"|"Scotia Sea"|"12"|"Southern Ocean"|"meow"
"South Shetland Islands"|"Scotia Sea"|"Southern Ocean"|"20222"|"South Shetland Islands"|"60"|"Scotia Sea"|"12"|"Southern Ocean"|"meow"
"Antarctic Peninsula"|"Scotia Sea"|"Southern Ocean"|"20223"|"Antarctic Peninsula"|"60"|"Scotia Sea"|"12"|"Southern Ocean"|"meow"
"East Antarctic Wilkes Land"|"Continental High Antarctic"|"Southern Ocean"|"20224"|"East Antarctic Wilkes Land"|"61"|"Continental High Antarctic"|"12"|"Southern Ocean"|"meow"
"East Antarctic Enderby Land"|"Continental High Antarctic"|"Southern Ocean"|"20225"|"East Antarctic Enderby Land"|"61"|"Continental High Antarctic"|"12"|"Southern Ocean"|"meow"
"East Antarctic Dronning Maud Land"|"Continental High Antarctic"|"Southern Ocean"|"20226"|"East Antarctic Dronning Maud Land"|"61"|"Continental High Antarctic"|"12"|"Southern Ocean"|"meow"
"Weddell Sea"|"Continental High Antarctic"|"Southern Ocean"|"20227"|"Weddell Sea"|"61"|"Continental High Antarctic"|"12"|"Southern Ocean"|"meow"
"Amundsen/Bellingshausen Sea"|"Continental High Antarctic"|"Southern Ocean"|"20228"|"Amundsen/Bellingshausen Sea"|"61"|"Continental High Antarctic"|"12"|"Southern Ocean"|"meow"
"Ross Sea"|"Continental High Antarctic"|"Southern Ocean"|"20229"|"Ross Sea"|"61"|"Continental High Antarctic"|"12"|"Southern Ocean"|"meow"
"Campbell Island"|"Subantarctic New Zealand"|"Southern Ocean"|"20231"|"Campbell Island"|"62"|"Subantarctic New Zealand"|"12"|"Southern Ocean"|"meow"
"Auckland Island"|"Subantarctic New Zealand"|"Southern Ocean"|"20232"|"Auckland Island"|"62"|"Subantarctic New Zealand"|"12"|"Southern Ocean"|"meow"
"Baffin Bay - Davis Strait"|"Arctic"|"Arctic"|"25007"|"Baffin Bay - Davis Strait"|"1"|"Arctic"|"1"|"Arctic"|"meow"
"Lancaster Sound"|"Arctic"|"Arctic"|"25009"|"Lancaster Sound"|"1"|"Arctic"|"1"|"Arctic"|"meow"
"High Arctic Archipelago"|"Arctic"|"Arctic"|"25010"|"High Arctic Archipelago"|"1"|"Arctic"|"1"|"Arctic"|"meow"
"Eastern Bering Sea"|"Arctic"|"Arctic"|"25014"|"Eastern Bering Sea"|"1"|"Arctic"|"1"|"Arctic"|"meow"
"Aegean Sea"|"Mediterranean Sea"|"Temperate Northern Atlantic"|"25031"|"Aegean Sea"|"4"|"Mediterranean Sea"|"2"|"Temperate Northern Atlantic"|"meow"
"Levantine Sea"|"Mediterranean Sea"|"Temperate Northern Atlantic"|"25032"|"Levantine Sea"|"4"|"Mediterranean Sea"|"2"|"Temperate Northern Atlantic"|"meow"
"Tunisian Plateau/Gulf of Sidra"|"Mediterranean Sea"|"Temperate Northern Atlantic"|"25033"|"Tunisian Plateau/Gulf of Sidra"|"4"|"Mediterranean Sea"|"2"|"Temperate Northern Atlantic"|"meow"
"Ionian Sea"|"Mediterranean Sea"|"Temperate Northern Atlantic"|"25034"|"Ionian Sea"|"4"|"Mediterranean Sea"|"2"|"Temperate Northern Atlantic"|"meow"
"Western Mediterranean"|"Mediterranean Sea"|"Temperate Northern Atlantic"|"25035"|"Western Mediterranean"|"4"|"Mediterranean Sea"|"2"|"Temperate Northern Atlantic"|"meow"
"Alboran Sea"|"Mediterranean Sea"|"Temperate Northern Atlantic"|"25036"|"Alboran Sea"|"4"|"Mediterranean Sea"|"2"|"Temperate Northern Atlantic"|"meow"
"Gulf of Maine/Bay of Fundy"|"Cold Temperate Northwest Atlantic"|"Temperate Northern Atlantic"|"25040"|"Gulf of Maine/Bay of Fundy"|"5"|"Cold Temperate Northwest Atlantic"|"2"|"Temperate Northern Atlantic"|"meow"
"Carolinian"|"Warm Temperate Northwest Atlantic"|"Temperate Northern Atlantic"|"25042"|"Carolinian"|"6"|"Warm Temperate Northwest Atlantic"|"2"|"Temperate Northern Atlantic"|"meow"
"Kamchatka Shelf and Coast"|"Cold Temperate Northwest Pacific"|"Temperate Northern Pacific"|"25046"|"Kamchatka Shelf and Coast"|"8"|"Cold Temperate Northwest Pacific"|"3"|"Temperate Northern Pacific"|"meow"
"North American Pacific Fijordland"|"Cold Temperate Northeast Pacific"|"Temperate Northern Pacific"|"25055"|"North American Pacific Fijordland"|"10"|"Cold Temperate Northeast Pacific"|"3"|"Temperate Northern Pacific"|"meow"
"Puget Trough/Georgia Basin"|"Cold Temperate Northeast Pacific"|"Temperate Northern Pacific"|"25056"|"Puget Trough/Georgia Basin"|"10"|"Cold Temperate Northeast Pacific"|"3"|"Temperate Northern Pacific"|"meow"
"Oregon, Washington, Vancouver Coast and Shelf"|"Cold Temperate Northeast Pacific"|"Temperate Northern Pacific"|"25057"|"Oregon, Washington, Vancouver Coast and Shelf"|"10"|"Cold Temperate Northeast Pacific"|"3"|"Temperate Northern Pacific"|"meow"
"Northern California"|"Cold Temperate Northeast Pacific"|"Temperate Northern Pacific"|"25058"|"Northern California"|"10"|"Cold Temperate Northeast Pacific"|"3"|"Temperate Northern Pacific"|"meow"
"Southern California Bight"|"Warm Temperate Northeast Pacific"|"Temperate Northern Pacific"|"25059"|"Southern California Bight"|"11"|"Warm Temperate Northeast Pacific"|"3"|"Temperate Northern Pacific"|"meow"
"Sahelian Upwelling"|"West African Transition"|"Tropical Atlantic"|"25080"|"Sahelian Upwelling"|"16"|"West African Transition"|"4"|"Tropical Atlantic"|"meow"
"Gulf of Guinea West"|"Gulf of Guinea"|"Tropical Atlantic"|"25081"|"Gulf of Guinea West"|"17"|"Gulf of Guinea"|"4"|"Tropical Atlantic"|"meow"
"Gulf of Guinea South"|"Gulf of Guinea"|"Tropical Atlantic"|"25085"|"Gulf of Guinea South"|"17"|"Gulf of Guinea"|"4"|"Tropical Atlantic"|"meow"
"Angolan"|"Gulf of Guinea"|"Tropical Atlantic"|"25086"|"Angolan"|"17"|"Gulf of Guinea"|"4"|"Tropical Atlantic"|"meow"
"Fiji Islands"|"Tropical Southwestern Pacific"|"Central Indo-Pacific"|"25147"|"Fiji Islands"|"35"|"Tropical Southwestern Pacific"|"6"|"Central Indo-Pacific"|"meow"
"Hawaii"|"Hawaii"|"Eastern Indo-Pacific"|"25152"|"Hawaii"|"37"|"Hawaii"|"7"|"Eastern Indo-Pacific"|"meow"
"Gilbert/Ellis Islands"|"Marshall, Gilbert and Ellis Islands"|"Eastern Indo-Pacific"|"25154"|"Gilbert/Ellis Islands"|"38"|"Marshall, Gilbert and Ellis Islands"|"7"|"Eastern Indo-Pacific"|"meow"
"North Patagonian Gulfs"|"Magellanic"|"Temperate South America"|"25184"|"North Patagonian Gulfs"|"48"|"Magellanic"|"9"|"Temperate South America"|"meow"
"Patagonian Shelf"|"Magellanic"|"Temperate South America"|"25185"|"Patagonian Shelf"|"48"|"Magellanic"|"9"|"Temperate South America"|"meow"
"Namib"|"Benguela"|"Temperate Southern Africa"|"25190"|"Namib"|"50"|"Benguela"|"10"|"Temperate Southern Africa"|"meow"
"Kermadec Island"|"Northern New Zealand"|"Temperate Australasia"|"25195"|"Kermadec Island"|"53"|"Northern New Zealand"|"11"|"Temperate Australasia"|"meow"
"Northeastern New Zealand"|"Northern New Zealand"|"Temperate Australasia"|"25196"|"Northeastern New Zealand"|"53"|"Northern New Zealand"|"11"|"Temperate Australasia"|"meow"
"Chatham Island"|"Southern New Zealand"|"Temperate Australasia"|"25198"|"Chatham Island"|"54"|"Southern New Zealand"|"11"|"Temperate Australasia"|"meow"
"Central New Zealand"|"Southern New Zealand"|"Temperate Australasia"|"25199"|"Central New Zealand"|"54"|"Southern New Zealand"|"11"|"Temperate Australasia"|"meow"
"Bounty and Antipodes Islands"|"Subantarctic New Zealand"|"Southern Ocean"|"25230"|"Bounty and Antipodes Islands"|"62"|"Subantarctic New Zealand"|"12"|"Southern Ocean"|"meow"
