"eco_id"|"first_level_code"|"first_level"|"second_level_code"|"second_level"|"third_level_code"|"third_level"|"source"
"-9999"|-9999|"Rock and Ice"|99|"Rock and ice"|NULL|NULL|"teow"
"-9998"|-9998|"Lake"|98|"Lake"|NULL|NULL|"teow"
"10101"|10101|"Admiralty Islands lowland rain forests"|1|"Tropical & Subtropical Moist Broadleaf Forests"|1|"Australasia"|"teow"
"10102"|10102|"Banda Sea Islands moist deciduous forests"|1|"Tropical & Subtropical Moist Broadleaf Forests"|1|"Australasia"|"teow"
"10103"|10103|"Biak-Numfoor rain forests"|1|"Tropical & Subtropical Moist Broadleaf Forests"|1|"Australasia"|"teow"
"10104"|10104|"Buru rain forests"|1|"Tropical & Subtropical Moist Broadleaf Forests"|1|"Australasia"|"teow"
"10105"|10105|"Central Range montane rain forests"|1|"Tropical & Subtropical Moist Broadleaf Forests"|1|"Australasia"|"teow"
"10106"|10106|"Halmahera rain forests"|1|"Tropical & Subtropical Moist Broadleaf Forests"|1|"Australasia"|"teow"
"10107"|10107|"Huon Peninsula montane rain forests"|1|"Tropical & Subtropical Moist Broadleaf Forests"|1|"Australasia"|"teow"
"10108"|10108|"Yapen rain forests"|1|"Tropical & Subtropical Moist Broadleaf Forests"|1|"Australasia"|"teow"
"10109"|10109|"Lord Howe Island subtropical forests"|1|"Tropical & Subtropical Moist Broadleaf Forests"|1|"Australasia"|"teow"
"10110"|10110|"Louisiade Archipelago rain forests"|1|"Tropical & Subtropical Moist Broadleaf Forests"|1|"Australasia"|"teow"
"10111"|10111|"New Britain-New Ireland lowland rain forests"|1|"Tropical & Subtropical Moist Broadleaf Forests"|1|"Australasia"|"teow"
"10112"|10112|"New Britain-New Ireland montane rain forests"|1|"Tropical & Subtropical Moist Broadleaf Forests"|1|"Australasia"|"teow"
"10113"|10113|"New Caledonia rain forests"|1|"Tropical & Subtropical Moist Broadleaf Forests"|1|"Australasia"|"teow"
"10114"|10114|"Norfolk Island subtropical forests"|1|"Tropical & Subtropical Moist Broadleaf Forests"|1|"Australasia"|"teow"
"10115"|10115|"Northern New Guinea lowland rain and freshwater swamp forests"|1|"Tropical & Subtropical Moist Broadleaf Forests"|1|"Australasia"|"teow"
"10116"|10116|"Northern New Guinea montane rain forests"|1|"Tropical & Subtropical Moist Broadleaf Forests"|1|"Australasia"|"teow"
"10117"|10117|"Queensland tropical rain forests"|1|"Tropical & Subtropical Moist Broadleaf Forests"|1|"Australasia"|"teow"
"10118"|10118|"Seram rain forests"|1|"Tropical & Subtropical Moist Broadleaf Forests"|1|"Australasia"|"teow"
"10119"|10119|"Solomon Islands rain forests"|1|"Tropical & Subtropical Moist Broadleaf Forests"|1|"Australasia"|"teow"
"10120"|10120|"Southeastern Papuan rain forests"|1|"Tropical & Subtropical Moist Broadleaf Forests"|1|"Australasia"|"teow"
"10121"|10121|"Southern New Guinea freshwater swamp forests"|1|"Tropical & Subtropical Moist Broadleaf Forests"|1|"Australasia"|"teow"
"10122"|10122|"Southern New Guinea lowland rain forests"|1|"Tropical & Subtropical Moist Broadleaf Forests"|1|"Australasia"|"teow"
"10123"|10123|"Sulawesi lowland rain forests"|1|"Tropical & Subtropical Moist Broadleaf Forests"|1|"Australasia"|"teow"
"10124"|10124|"Sulawesi montane rain forests"|1|"Tropical & Subtropical Moist Broadleaf Forests"|1|"Australasia"|"teow"
"10125"|10125|"Trobriand Islands rain forests"|1|"Tropical & Subtropical Moist Broadleaf Forests"|1|"Australasia"|"teow"
"10126"|10126|"Vanuatu rain forests"|1|"Tropical & Subtropical Moist Broadleaf Forests"|1|"Australasia"|"teow"
"10127"|10127|"Vogelkop montane rain forests"|1|"Tropical & Subtropical Moist Broadleaf Forests"|1|"Australasia"|"teow"
"10128"|10128|"Vogelkop-Aru lowland rain forests"|1|"Tropical & Subtropical Moist Broadleaf Forests"|1|"Australasia"|"teow"
"10201"|10201|"Lesser Sundas deciduous forests"|2|"Tropical & Subtropical Dry Broadleaf Forests"|1|"Australasia"|"teow"
"10202"|10202|"New Caledonia dry forests"|2|"Tropical & Subtropical Dry Broadleaf Forests"|1|"Australasia"|"teow"
"10203"|10203|"Sumba deciduous forests"|2|"Tropical & Subtropical Dry Broadleaf Forests"|1|"Australasia"|"teow"
"10204"|10204|"Timor and Wetar deciduous forests"|2|"Tropical & Subtropical Dry Broadleaf Forests"|1|"Australasia"|"teow"
"10401"|10401|"Chatham Island temperate forests"|4|"Temperate Broadleaf & Mixed Forests"|1|"Australasia"|"teow"
"10402"|10402|"Eastern Australian temperate forests"|4|"Temperate Broadleaf & Mixed Forests"|1|"Australasia"|"teow"
"10403"|10403|"Fiordland temperate forests"|4|"Temperate Broadleaf & Mixed Forests"|1|"Australasia"|"teow"
"10404"|10404|"Nelson Coast temperate forests"|4|"Temperate Broadleaf & Mixed Forests"|1|"Australasia"|"teow"
"10405"|10405|"North Island temperate forests"|4|"Temperate Broadleaf & Mixed Forests"|1|"Australasia"|"teow"
"10406"|10406|"Northland temperate kauri forests"|4|"Temperate Broadleaf & Mixed Forests"|1|"Australasia"|"teow"
"10407"|10407|"Rakiura Island temperate forests"|4|"Temperate Broadleaf & Mixed Forests"|1|"Australasia"|"teow"
"10408"|10408|"Richmond temperate forests"|4|"Temperate Broadleaf & Mixed Forests"|1|"Australasia"|"teow"
"10409"|10409|"Southeast Australia temperate forests"|4|"Temperate Broadleaf & Mixed Forests"|1|"Australasia"|"teow"
"10410"|10410|"South Island temperate forests"|4|"Temperate Broadleaf & Mixed Forests"|1|"Australasia"|"teow"
"10411"|10411|"Tasmanian Central Highland forests"|4|"Temperate Broadleaf & Mixed Forests"|1|"Australasia"|"teow"
"10412"|10412|"Tasmanian temperate forests"|4|"Temperate Broadleaf & Mixed Forests"|1|"Australasia"|"teow"
"10413"|10413|"Tasmanian temperate rain forests"|4|"Temperate Broadleaf & Mixed Forests"|1|"Australasia"|"teow"
"10414"|10414|"Westland temperate forests"|4|"Temperate Broadleaf & Mixed Forests"|1|"Australasia"|"teow"
"10701"|10701|"Arnhem Land tropical savanna"|7|"Tropical & Subtropical Grasslands, Savannas & Shrublands"|1|"Australasia"|"teow"
"10702"|10702|"Brigalow tropical savanna"|7|"Tropical & Subtropical Grasslands, Savannas & Shrublands"|1|"Australasia"|"teow"
"10703"|10703|"Cape York Peninsula tropical savanna"|7|"Tropical & Subtropical Grasslands, Savannas & Shrublands"|1|"Australasia"|"teow"
"10704"|10704|"Carpentaria tropical savanna"|7|"Tropical & Subtropical Grasslands, Savannas & Shrublands"|1|"Australasia"|"teow"
"10705"|10705|"Einasleigh upland savanna"|7|"Tropical & Subtropical Grasslands, Savannas & Shrublands"|1|"Australasia"|"teow"
"10706"|10706|"Kimberly tropical savanna"|7|"Tropical & Subtropical Grasslands, Savannas & Shrublands"|1|"Australasia"|"teow"
"10707"|10707|"Mitchell grass downs"|7|"Tropical & Subtropical Grasslands, Savannas & Shrublands"|1|"Australasia"|"teow"
"10708"|10708|"Trans Fly savanna and grasslands"|7|"Tropical & Subtropical Grasslands, Savannas & Shrublands"|1|"Australasia"|"teow"
"10709"|10709|"Victoria Plains tropical savanna"|7|"Tropical & Subtropical Grasslands, Savannas & Shrublands"|1|"Australasia"|"teow"
"10801"|10801|"Cantebury-Otago tussock grasslands"|8|"Temperate Grasslands, Savannas & Shrublands"|1|"Australasia"|"teow"
"10802"|10802|"Eastern Australia mulga shrublands"|8|"Temperate Grasslands, Savannas & Shrublands"|1|"Australasia"|"teow"
"10803"|10803|"Southeast Australia temperate savanna"|8|"Temperate Grasslands, Savannas & Shrublands"|1|"Australasia"|"teow"
"11001"|11001|"Australian Alps montane grasslands"|10|"Montane Grasslands & Shrublands"|1|"Australasia"|"teow"
"11002"|11002|"Central Range sub-alpine grasslands"|10|"Montane Grasslands & Shrublands"|1|"Australasia"|"teow"
"11003"|11003|"South Island montane grasslands"|10|"Montane Grasslands & Shrublands"|1|"Australasia"|"teow"
"11101"|11101|"Antipodes Subantarctic Islands tundra"|11|"Tundra"|1|"Australasia"|"teow"
"11201"|11201|"Coolgardie woodlands"|12|"Mediterranean Forests, Woodlands & Scrub"|1|"Australasia"|"teow"
"11202"|11202|"Esperance mallee"|12|"Mediterranean Forests, Woodlands & Scrub"|1|"Australasia"|"teow"
"11203"|11203|"Eyre and York mallee"|12|"Mediterranean Forests, Woodlands & Scrub"|1|"Australasia"|"teow"
"11204"|11204|"Jarrah-Karri forest and shrublands"|12|"Mediterranean Forests, Woodlands & Scrub"|1|"Australasia"|"teow"
"11205"|11205|"Swan Coastal Plain Scrub and Woodlands"|12|"Mediterranean Forests, Woodlands & Scrub"|1|"Australasia"|"teow"
"11206"|11206|"Mount Lofty woodlands"|12|"Mediterranean Forests, Woodlands & Scrub"|1|"Australasia"|"teow"
"11207"|11207|"Murray-Darling woodlands and mallee"|12|"Mediterranean Forests, Woodlands & Scrub"|1|"Australasia"|"teow"
"11208"|11208|"Naracoorte woodlands"|12|"Mediterranean Forests, Woodlands & Scrub"|1|"Australasia"|"teow"
"11209"|11209|"Southwest Australia savanna"|12|"Mediterranean Forests, Woodlands & Scrub"|1|"Australasia"|"teow"
"11210"|11210|"Southwest Australia woodlands"|12|"Mediterranean Forests, Woodlands & Scrub"|1|"Australasia"|"teow"
"11301"|11301|"Carnarvon xeric shrublands"|13|"Deserts & Xeric Shrublands"|1|"Australasia"|"teow"
"11302"|11302|"Central Ranges xeric scrub"|13|"Deserts & Xeric Shrublands"|1|"Australasia"|"teow"
"11303"|11303|"Gibson desert"|13|"Deserts & Xeric Shrublands"|1|"Australasia"|"teow"
"11304"|11304|"Great Sandy-Tanami desert"|13|"Deserts & Xeric Shrublands"|1|"Australasia"|"teow"
"11305"|11305|"Great Victoria desert"|13|"Deserts & Xeric Shrublands"|1|"Australasia"|"teow"
"11306"|11306|"Nullarbor Plains xeric shrublands"|13|"Deserts & Xeric Shrublands"|1|"Australasia"|"teow"
"11307"|11307|"Pilbara shrublands"|13|"Deserts & Xeric Shrublands"|1|"Australasia"|"teow"
"11308"|11308|"Simpson desert"|13|"Deserts & Xeric Shrublands"|1|"Australasia"|"teow"
"11309"|11309|"Tirari-Sturt stony desert"|13|"Deserts & Xeric Shrublands"|1|"Australasia"|"teow"
"11310"|11310|"Western Australian Mulga shrublands"|13|"Deserts & Xeric Shrublands"|1|"Australasia"|"teow"
"11401"|11401|"New Guinea mangroves"|14|"Mangroves"|1|"Australasia"|"teow"
"21101"|21101|"Marielandia Antarctic tundra"|11|"Tundra"|2|"Antarctic"|"teow"
"21102"|21102|"Maudlandia Antarctic desert"|11|"Tundra"|2|"Antarctic"|"teow"
"21103"|21103|"Scotia Sea Islands tundra"|11|"Tundra"|2|"Antarctic"|"teow"
"21104"|21104|"Southern Indian Ocean Islands tundra"|11|"Tundra"|2|"Antarctic"|"teow"
"30101"|30101|"Albertine Rift montane forests"|1|"Tropical & Subtropical Moist Broadleaf Forests"|3|"Afrotropics"|"teow"
"30102"|30102|"Atlantic Equatorial coastal forests"|1|"Tropical & Subtropical Moist Broadleaf Forests"|3|"Afrotropics"|"teow"
"30103"|30103|"Cameroonian Highlands forests"|1|"Tropical & Subtropical Moist Broadleaf Forests"|3|"Afrotropics"|"teow"
"30104"|30104|"Central Congolian lowland forests"|1|"Tropical & Subtropical Moist Broadleaf Forests"|3|"Afrotropics"|"teow"
"30105"|30105|"Comoros forests"|1|"Tropical & Subtropical Moist Broadleaf Forests"|3|"Afrotropics"|"teow"
"30106"|30106|"Cross-Niger transition forests"|1|"Tropical & Subtropical Moist Broadleaf Forests"|3|"Afrotropics"|"teow"
"30107"|30107|"Cross-Sanaga-Bioko coastal forests"|1|"Tropical & Subtropical Moist Broadleaf Forests"|3|"Afrotropics"|"teow"
"30108"|30108|"East African montane forests"|1|"Tropical & Subtropical Moist Broadleaf Forests"|3|"Afrotropics"|"teow"
"30109"|30109|"Eastern Arc forests"|1|"Tropical & Subtropical Moist Broadleaf Forests"|3|"Afrotropics"|"teow"
"30110"|30110|"Eastern Congolian swamp forests"|1|"Tropical & Subtropical Moist Broadleaf Forests"|3|"Afrotropics"|"teow"
"30111"|30111|"Eastern Guinean forests"|1|"Tropical & Subtropical Moist Broadleaf Forests"|3|"Afrotropics"|"teow"
"30112"|30112|"Ethiopian montane forests"|1|"Tropical & Subtropical Moist Broadleaf Forests"|3|"Afrotropics"|"teow"
"30113"|30113|"Granitic Seychelles forests"|1|"Tropical & Subtropical Moist Broadleaf Forests"|3|"Afrotropics"|"teow"
"30114"|30114|"Guinean montane forests"|1|"Tropical & Subtropical Moist Broadleaf Forests"|3|"Afrotropics"|"teow"
"30115"|30115|"Knysna-Amatole montane forests"|1|"Tropical & Subtropical Moist Broadleaf Forests"|3|"Afrotropics"|"teow"
"30116"|30116|"KwaZulu-Cape coastal forest mosaic"|1|"Tropical & Subtropical Moist Broadleaf Forests"|3|"Afrotropics"|"teow"
"30117"|30117|"Madagascar lowland forests"|1|"Tropical & Subtropical Moist Broadleaf Forests"|3|"Afrotropics"|"teow"
"30118"|30118|"Madagascar subhumid forests"|1|"Tropical & Subtropical Moist Broadleaf Forests"|3|"Afrotropics"|"teow"
"30119"|30119|"Maputaland coastal forest mosaic"|1|"Tropical & Subtropical Moist Broadleaf Forests"|3|"Afrotropics"|"teow"
"30120"|30120|"Mascarene forests"|1|"Tropical & Subtropical Moist Broadleaf Forests"|3|"Afrotropics"|"teow"
"30121"|30121|"Mount Cameroon and Bioko montane forests"|1|"Tropical & Subtropical Moist Broadleaf Forests"|3|"Afrotropics"|"teow"
"30122"|30122|"Niger Delta swamp forests"|1|"Tropical & Subtropical Moist Broadleaf Forests"|3|"Afrotropics"|"teow"
"30123"|30123|"Nigerian lowland forests"|1|"Tropical & Subtropical Moist Broadleaf Forests"|3|"Afrotropics"|"teow"
"30124"|30124|"Northeastern Congolian lowland forests"|1|"Tropical & Subtropical Moist Broadleaf Forests"|3|"Afrotropics"|"teow"
"30125"|30125|"Northern Zanzibar-Inhambane coastal forest mosaic"|1|"Tropical & Subtropical Moist Broadleaf Forests"|3|"Afrotropics"|"teow"
"30126"|30126|"Northwestern Congolian lowland forests"|1|"Tropical & Subtropical Moist Broadleaf Forests"|3|"Afrotropics"|"teow"
"30127"|30127|"Sao Tome, Principe and Annobon moist lowland forests"|1|"Tropical & Subtropical Moist Broadleaf Forests"|3|"Afrotropics"|"teow"
"30128"|30128|"Southern Zanzibar-Inhambane coastal forest mosaic"|1|"Tropical & Subtropical Moist Broadleaf Forests"|3|"Afrotropics"|"teow"
"30129"|30129|"Western Congolian swamp forests"|1|"Tropical & Subtropical Moist Broadleaf Forests"|3|"Afrotropics"|"teow"
"30130"|30130|"Western Guinean lowland forests"|1|"Tropical & Subtropical Moist Broadleaf Forests"|3|"Afrotropics"|"teow"
"30201"|30201|"Cape Verde Islands dry forests"|2|"Tropical & Subtropical Dry Broadleaf Forests"|3|"Afrotropics"|"teow"
"30202"|30202|"Madagascar dry deciduous forests"|2|"Tropical & Subtropical Dry Broadleaf Forests"|3|"Afrotropics"|"teow"
"30203"|30203|"Zambezian Cryptosepalum dry forests"|2|"Tropical & Subtropical Dry Broadleaf Forests"|3|"Afrotropics"|"teow"
"30701"|30701|"Angolan Miombo woodlands"|7|"Tropical & Subtropical Grasslands, Savannas & Shrublands"|3|"Afrotropics"|"teow"
"30702"|30702|"Angolan Mopane woodlands"|7|"Tropical & Subtropical Grasslands, Savannas & Shrublands"|3|"Afrotropics"|"teow"
"30703"|30703|"Ascension scrub and grasslands"|7|"Tropical & Subtropical Grasslands, Savannas & Shrublands"|3|"Afrotropics"|"teow"
"30704"|30704|"Central Zambezian Miombo woodlands"|7|"Tropical & Subtropical Grasslands, Savannas & Shrublands"|3|"Afrotropics"|"teow"
"30705"|30705|"East Sudanian savanna"|7|"Tropical & Subtropical Grasslands, Savannas & Shrublands"|3|"Afrotropics"|"teow"
"30706"|30706|"Eastern Miombo woodlands"|7|"Tropical & Subtropical Grasslands, Savannas & Shrublands"|3|"Afrotropics"|"teow"
"30707"|30707|"Guinean forest-savanna mosaic"|7|"Tropical & Subtropical Grasslands, Savannas & Shrublands"|3|"Afrotropics"|"teow"
"30708"|30708|"Itigi-Sumbu thicket"|7|"Tropical & Subtropical Grasslands, Savannas & Shrublands"|3|"Afrotropics"|"teow"
"30709"|30709|"Kalahari Acacia-Baikiaea woodlands"|7|"Tropical & Subtropical Grasslands, Savannas & Shrublands"|3|"Afrotropics"|"teow"
"30710"|30710|"Mandara Plateau mosaic"|7|"Tropical & Subtropical Grasslands, Savannas & Shrublands"|3|"Afrotropics"|"teow"
"30711"|30711|"Northern Acacia-Commiphora bushlands and thickets"|7|"Tropical & Subtropical Grasslands, Savannas & Shrublands"|3|"Afrotropics"|"teow"
"30712"|30712|"Northern Congolian forest-savanna mosaic"|7|"Tropical & Subtropical Grasslands, Savannas & Shrublands"|3|"Afrotropics"|"teow"
"30713"|30713|"Sahelian Acacia savanna"|7|"Tropical & Subtropical Grasslands, Savannas & Shrublands"|3|"Afrotropics"|"teow"
"30714"|30714|"Serengeti volcanic grasslands"|7|"Tropical & Subtropical Grasslands, Savannas & Shrublands"|3|"Afrotropics"|"teow"
"30715"|30715|"Somali Acacia-Commiphora bushlands and thickets"|7|"Tropical & Subtropical Grasslands, Savannas & Shrublands"|3|"Afrotropics"|"teow"
"30716"|30716|"Southern Acacia-Commiphora bushlands and thickets"|7|"Tropical & Subtropical Grasslands, Savannas & Shrublands"|3|"Afrotropics"|"teow"
"30717"|30717|"Southern Africa bushveld"|7|"Tropical & Subtropical Grasslands, Savannas & Shrublands"|3|"Afrotropics"|"teow"
"30718"|30718|"Southern Congolian forest-savanna mosaic"|7|"Tropical & Subtropical Grasslands, Savannas & Shrublands"|3|"Afrotropics"|"teow"
"30719"|30719|"Southern Miombo woodlands"|7|"Tropical & Subtropical Grasslands, Savannas & Shrublands"|3|"Afrotropics"|"teow"
"30720"|30720|"St. Helena scrub and woodlands"|7|"Tropical & Subtropical Grasslands, Savannas & Shrublands"|3|"Afrotropics"|"teow"
"30721"|30721|"Victoria Basin forest-savanna mosaic"|7|"Tropical & Subtropical Grasslands, Savannas & Shrublands"|3|"Afrotropics"|"teow"
"30722"|30722|"West Sudanian savanna"|7|"Tropical & Subtropical Grasslands, Savannas & Shrublands"|3|"Afrotropics"|"teow"
"30723"|30723|"Western Congolian forest-savanna mosaic"|7|"Tropical & Subtropical Grasslands, Savannas & Shrublands"|3|"Afrotropics"|"teow"
"30724"|30724|"Western Zambezian grasslands"|7|"Tropical & Subtropical Grasslands, Savannas & Shrublands"|3|"Afrotropics"|"teow"
"30725"|30725|"Zambezian and Mopane woodlands"|7|"Tropical & Subtropical Grasslands, Savannas & Shrublands"|3|"Afrotropics"|"teow"
"30726"|30726|"Zambezian Baikiaea woodlands"|7|"Tropical & Subtropical Grasslands, Savannas & Shrublands"|3|"Afrotropics"|"teow"
"30801"|30801|"Al Hajar montane woodlands"|8|"Temperate Grasslands, Savannas & Shrublands"|3|"Afrotropics"|"teow"
"30802"|30802|"Amsterdam and Saint-Paul Islands temperate grasslands"|8|"Temperate Grasslands, Savannas & Shrublands"|3|"Afrotropics"|"teow"
"30803"|30803|"Tristan Da Cunha-Gough Islands shrub and grasslands"|8|"Temperate Grasslands, Savannas & Shrublands"|3|"Afrotropics"|"teow"
"30901"|30901|"East African halophytics"|9|"Flooded Grasslands & Savannas"|3|"Afrotropics"|"teow"
"30902"|30902|"Etosha Pan halophytics"|9|"Flooded Grasslands & Savannas"|3|"Afrotropics"|"teow"
"30903"|30903|"Inner Niger Delta flooded savanna"|9|"Flooded Grasslands & Savannas"|3|"Afrotropics"|"teow"
"30904"|30904|"Lake Chad flooded savanna"|9|"Flooded Grasslands & Savannas"|3|"Afrotropics"|"teow"
"30905"|30905|"Saharan flooded grasslands"|9|"Flooded Grasslands & Savannas"|3|"Afrotropics"|"teow"
"30906"|30906|"Zambezian coastal flooded savanna"|9|"Flooded Grasslands & Savannas"|3|"Afrotropics"|"teow"
"30907"|30907|"Zambezian flooded grasslands"|9|"Flooded Grasslands & Savannas"|3|"Afrotropics"|"teow"
"30908"|30908|"Zambezian halophytics"|9|"Flooded Grasslands & Savannas"|3|"Afrotropics"|"teow"
"31001"|31001|"Angolan montane forest-grassland mosaic"|10|"Montane Grasslands & Shrublands"|3|"Afrotropics"|"teow"
"31002"|31002|"Angolan scarp savanna and woodlands"|10|"Montane Grasslands & Shrublands"|3|"Afrotropics"|"teow"
"31003"|31003|"Drakensberg alti-montane grasslands and woodlands"|10|"Montane Grasslands & Shrublands"|3|"Afrotropics"|"teow"
"31004"|31004|"Drakensberg montane grasslands, woodlands and forests"|10|"Montane Grasslands & Shrublands"|3|"Afrotropics"|"teow"
"31005"|31005|"East African montane moorlands"|10|"Montane Grasslands & Shrublands"|3|"Afrotropics"|"teow"
"31006"|31006|"Eastern Zimbabwe montane forest-grassland mosaic"|10|"Montane Grasslands & Shrublands"|3|"Afrotropics"|"teow"
"31007"|31007|"Ethiopian montane grasslands and woodlands"|10|"Montane Grasslands & Shrublands"|3|"Afrotropics"|"teow"
"31008"|31008|"Ethiopian montane moorlands"|10|"Montane Grasslands & Shrublands"|3|"Afrotropics"|"teow"
"31009"|31009|"Highveld grasslands"|10|"Montane Grasslands & Shrublands"|3|"Afrotropics"|"teow"
"31010"|31010|"Jos Plateau forest-grassland mosaic"|10|"Montane Grasslands & Shrublands"|3|"Afrotropics"|"teow"
"31011"|31011|"Madagascar ericoid thickets"|10|"Montane Grasslands & Shrublands"|3|"Afrotropics"|"teow"
"31012"|31012|"Maputaland-Pondoland bushland and thickets"|10|"Montane Grasslands & Shrublands"|3|"Afrotropics"|"teow"
"31013"|31013|"Rwenzori-Virunga montane moorlands"|10|"Montane Grasslands & Shrublands"|3|"Afrotropics"|"teow"
"31014"|31014|"South Malawi montane forest-grassland mosaic"|10|"Montane Grasslands & Shrublands"|3|"Afrotropics"|"teow"
"31015"|31015|"Southern Rift montane forest-grassland mosaic"|10|"Montane Grasslands & Shrublands"|3|"Afrotropics"|"teow"
"31201"|31201|"Albany thickets"|12|"Mediterranean Forests, Woodlands & Scrub"|3|"Afrotropics"|"teow"
"31202"|31202|"Lowland fynbos and renosterveld"|12|"Mediterranean Forests, Woodlands & Scrub"|3|"Afrotropics"|"teow"
"31203"|31203|"Montane fynbos and renosterveld"|12|"Mediterranean Forests, Woodlands & Scrub"|3|"Afrotropics"|"teow"
"31301"|31301|"Aldabra Island xeric scrub"|13|"Deserts & Xeric Shrublands"|3|"Afrotropics"|"teow"
"31302"|31302|"Arabian Peninsula coastal fog desert"|13|"Deserts & Xeric Shrublands"|3|"Afrotropics"|"teow"
"31303"|31303|"East Saharan montane xeric woodlands"|13|"Deserts & Xeric Shrublands"|3|"Afrotropics"|"teow"
"31304"|31304|"Eritrean coastal desert"|13|"Deserts & Xeric Shrublands"|3|"Afrotropics"|"teow"
"31305"|31305|"Ethiopian xeric grasslands and shrublands"|13|"Deserts & Xeric Shrublands"|3|"Afrotropics"|"teow"
"31306"|31306|"Gulf of Oman desert and semi-desert"|13|"Deserts & Xeric Shrublands"|3|"Afrotropics"|"teow"
"31307"|31307|"Hobyo grasslands and shrublands"|13|"Deserts & Xeric Shrublands"|3|"Afrotropics"|"teow"
"31308"|31308|"Ile Europa and Bassas da India xeric scrub"|13|"Deserts & Xeric Shrublands"|3|"Afrotropics"|"teow"
"31309"|31309|"Kalahari xeric savanna"|13|"Deserts & Xeric Shrublands"|3|"Afrotropics"|"teow"
"31310"|31310|"Kaokoveld desert"|13|"Deserts & Xeric Shrublands"|3|"Afrotropics"|"teow"
"31311"|31311|"Madagascar spiny thickets"|13|"Deserts & Xeric Shrublands"|3|"Afrotropics"|"teow"
"31312"|31312|"Madagascar succulent woodlands"|13|"Deserts & Xeric Shrublands"|3|"Afrotropics"|"teow"
"31313"|31313|"Masai xeric grasslands and shrublands"|13|"Deserts & Xeric Shrublands"|3|"Afrotropics"|"teow"
"31314"|31314|"Nama Karoo"|13|"Deserts & Xeric Shrublands"|3|"Afrotropics"|"teow"
"31315"|31315|"Namib desert"|13|"Deserts & Xeric Shrublands"|3|"Afrotropics"|"teow"
"31316"|31316|"Namibian savanna woodlands"|13|"Deserts & Xeric Shrublands"|3|"Afrotropics"|"teow"
"31318"|31318|"Socotra Island xeric shrublands"|13|"Deserts & Xeric Shrublands"|3|"Afrotropics"|"teow"
"31319"|31319|"Somali montane xeric woodlands"|13|"Deserts & Xeric Shrublands"|3|"Afrotropics"|"teow"
"31320"|31320|"Southwestern Arabian foothills savanna"|13|"Deserts & Xeric Shrublands"|3|"Afrotropics"|"teow"
"31321"|31321|"Southwestern Arabian montane woodlands"|13|"Deserts & Xeric Shrublands"|3|"Afrotropics"|"teow"
"31322"|31322|"Succulent Karoo"|13|"Deserts & Xeric Shrublands"|3|"Afrotropics"|"teow"
"31401"|31401|"Central African mangroves"|14|"Mangroves"|3|"Afrotropics"|"teow"
"31402"|31402|"East African mangroves"|14|"Mangroves"|3|"Afrotropics"|"teow"
"31403"|31403|"Guinean mangroves"|14|"Mangroves"|3|"Afrotropics"|"teow"
"31404"|31404|"Madagascar mangroves"|14|"Mangroves"|3|"Afrotropics"|"teow"
"31405"|31405|"Southern Africa mangroves"|14|"Mangroves"|3|"Afrotropics"|"teow"
"40101"|40101|"Andaman Islands rain forests"|1|"Tropical & Subtropical Moist Broadleaf Forests"|4|"IndoMalay"|"teow"
"40102"|40102|"Borneo lowland rain forests"|1|"Tropical & Subtropical Moist Broadleaf Forests"|4|"IndoMalay"|"teow"
"40103"|40103|"Borneo montane rain forests"|1|"Tropical & Subtropical Moist Broadleaf Forests"|4|"IndoMalay"|"teow"
"40104"|40104|"Borneo peat swamp forests"|1|"Tropical & Subtropical Moist Broadleaf Forests"|4|"IndoMalay"|"teow"
"40105"|40105|"Brahmaputra Valley semi-evergreen forests"|1|"Tropical & Subtropical Moist Broadleaf Forests"|4|"IndoMalay"|"teow"
"40106"|40106|"Cardamom Mountains rain forests"|1|"Tropical & Subtropical Moist Broadleaf Forests"|4|"IndoMalay"|"teow"
"40107"|40107|"Chao Phraya freshwater swamp forests"|1|"Tropical & Subtropical Moist Broadleaf Forests"|4|"IndoMalay"|"teow"
"40108"|40108|"Chao Phraya lowland moist deciduous forests"|1|"Tropical & Subtropical Moist Broadleaf Forests"|4|"IndoMalay"|"teow"
"40109"|40109|"Chin Hills-Arakan Yoma montane forests"|1|"Tropical & Subtropical Moist Broadleaf Forests"|4|"IndoMalay"|"teow"
"40110"|40110|"Christmas and Cocos Islands tropical forests"|1|"Tropical & Subtropical Moist Broadleaf Forests"|4|"IndoMalay"|"teow"
"40111"|40111|"Eastern highlands moist deciduous forests"|1|"Tropical & Subtropical Moist Broadleaf Forests"|4|"IndoMalay"|"teow"
"40112"|40112|"Eastern Java-Bali montane rain forests"|1|"Tropical & Subtropical Moist Broadleaf Forests"|4|"IndoMalay"|"teow"
"40113"|40113|"Eastern Java-Bali rain forests"|1|"Tropical & Subtropical Moist Broadleaf Forests"|4|"IndoMalay"|"teow"
"40114"|40114|"Greater Negros-Panay rain forests"|1|"Tropical & Subtropical Moist Broadleaf Forests"|4|"IndoMalay"|"teow"
"40115"|40115|"Himalayan subtropical broadleaf forests"|1|"Tropical & Subtropical Moist Broadleaf Forests"|4|"IndoMalay"|"teow"
"40116"|40116|"Irrawaddy freshwater swamp forests"|1|"Tropical & Subtropical Moist Broadleaf Forests"|4|"IndoMalay"|"teow"
"40117"|40117|"Irrawaddy moist deciduous forests"|1|"Tropical & Subtropical Moist Broadleaf Forests"|4|"IndoMalay"|"teow"
"40118"|40118|"Jian Nan subtropical evergreen forests"|1|"Tropical & Subtropical Moist Broadleaf Forests"|4|"IndoMalay"|"teow"
"40119"|40119|"Kayah-Karen montane rain forests"|1|"Tropical & Subtropical Moist Broadleaf Forests"|4|"IndoMalay"|"teow"
"40120"|40120|"Lower Gangetic Plains moist deciduous forests"|1|"Tropical & Subtropical Moist Broadleaf Forests"|4|"IndoMalay"|"teow"
"40121"|40121|"Luang Prabang montane rain forests"|1|"Tropical & Subtropical Moist Broadleaf Forests"|4|"IndoMalay"|"teow"
"40122"|40122|"Luzon montane rain forests"|1|"Tropical & Subtropical Moist Broadleaf Forests"|4|"IndoMalay"|"teow"
"40123"|40123|"Luzon rain forests"|1|"Tropical & Subtropical Moist Broadleaf Forests"|4|"IndoMalay"|"teow"
"40124"|40124|"Malabar Coast moist forests"|1|"Tropical & Subtropical Moist Broadleaf Forests"|4|"IndoMalay"|"teow"
"40125"|40125|"Maldives-Lakshadweep-Chagos Archipelago tropical moist forests"|1|"Tropical & Subtropical Moist Broadleaf Forests"|4|"IndoMalay"|"teow"
"40126"|40126|"Meghalaya subtropical forests"|1|"Tropical & Subtropical Moist Broadleaf Forests"|4|"IndoMalay"|"teow"
"40127"|40127|"Mentawai Islands rain forests"|1|"Tropical & Subtropical Moist Broadleaf Forests"|4|"IndoMalay"|"teow"
"40128"|40128|"Mindanao montane rain forests"|1|"Tropical & Subtropical Moist Broadleaf Forests"|4|"IndoMalay"|"teow"
"40129"|40129|"Mindanao-Eastern Visayas rain forests"|1|"Tropical & Subtropical Moist Broadleaf Forests"|4|"IndoMalay"|"teow"
"40130"|40130|"Mindoro rain forests"|1|"Tropical & Subtropical Moist Broadleaf Forests"|4|"IndoMalay"|"teow"
"40131"|40131|"Mizoram-Manipur-Kachin rain forests"|1|"Tropical & Subtropical Moist Broadleaf Forests"|4|"IndoMalay"|"teow"
"40132"|40132|"Myanmar coastal rain forests"|1|"Tropical & Subtropical Moist Broadleaf Forests"|4|"IndoMalay"|"teow"
"40133"|40133|"Nicobar Islands rain forests"|1|"Tropical & Subtropical Moist Broadleaf Forests"|4|"IndoMalay"|"teow"
"40134"|40134|"North Western Ghats moist deciduous forests"|1|"Tropical & Subtropical Moist Broadleaf Forests"|4|"IndoMalay"|"teow"
"40135"|40135|"North Western Ghats montane rain forests"|1|"Tropical & Subtropical Moist Broadleaf Forests"|4|"IndoMalay"|"teow"
"40136"|40136|"Northern Annamites rain forests"|1|"Tropical & Subtropical Moist Broadleaf Forests"|4|"IndoMalay"|"teow"
"40137"|40137|"Northern Indochina subtropical forests"|1|"Tropical & Subtropical Moist Broadleaf Forests"|4|"IndoMalay"|"teow"
"40138"|40138|"Northern Khorat Plateau moist deciduous forests"|1|"Tropical & Subtropical Moist Broadleaf Forests"|4|"IndoMalay"|"teow"
"40139"|40139|"Northern Thailand-Laos moist deciduous forests"|1|"Tropical & Subtropical Moist Broadleaf Forests"|4|"IndoMalay"|"teow"
"40140"|40140|"Northern Triangle subtropical forests"|1|"Tropical & Subtropical Moist Broadleaf Forests"|4|"IndoMalay"|"teow"
"40141"|40141|"Northern Vietnam lowland rain forests"|1|"Tropical & Subtropical Moist Broadleaf Forests"|4|"IndoMalay"|"teow"
"40142"|40142|"Orissa semi-evergreen forests"|1|"Tropical & Subtropical Moist Broadleaf Forests"|4|"IndoMalay"|"teow"
"40143"|40143|"Palawan rain forests"|1|"Tropical & Subtropical Moist Broadleaf Forests"|4|"IndoMalay"|"teow"
"40144"|40144|"Peninsular Malaysian montane rain forests"|1|"Tropical & Subtropical Moist Broadleaf Forests"|4|"IndoMalay"|"teow"
"40145"|40145|"Peninsular Malaysian peat swamp forests"|1|"Tropical & Subtropical Moist Broadleaf Forests"|4|"IndoMalay"|"teow"
"40146"|40146|"Peninsular Malaysian rain forests"|1|"Tropical & Subtropical Moist Broadleaf Forests"|4|"IndoMalay"|"teow"
"40147"|40147|"Red River freshwater swamp forests"|1|"Tropical & Subtropical Moist Broadleaf Forests"|4|"IndoMalay"|"teow"
"40148"|40148|"South China Sea Islands"|1|"Tropical & Subtropical Moist Broadleaf Forests"|4|"IndoMalay"|"teow"
"40149"|40149|"South China-Vietnam subtropical evergreen forests"|1|"Tropical & Subtropical Moist Broadleaf Forests"|4|"IndoMalay"|"teow"
"40150"|40150|"South Western Ghats moist deciduous forests"|1|"Tropical & Subtropical Moist Broadleaf Forests"|4|"IndoMalay"|"teow"
"40151"|40151|"South Western Ghats montane rain forests"|1|"Tropical & Subtropical Moist Broadleaf Forests"|4|"IndoMalay"|"teow"
"40152"|40152|"Southern Annamites montane rain forests"|1|"Tropical & Subtropical Moist Broadleaf Forests"|4|"IndoMalay"|"teow"
"40153"|40153|"Southwest Borneo freshwater swamp forests"|1|"Tropical & Subtropical Moist Broadleaf Forests"|4|"IndoMalay"|"teow"
"40154"|40154|"Sri Lanka lowland rain forests"|1|"Tropical & Subtropical Moist Broadleaf Forests"|4|"IndoMalay"|"teow"
"40155"|40155|"Sri Lanka montane rain forests"|1|"Tropical & Subtropical Moist Broadleaf Forests"|4|"IndoMalay"|"teow"
"40156"|40156|"Sulu Archipelago rain forests"|1|"Tropical & Subtropical Moist Broadleaf Forests"|4|"IndoMalay"|"teow"
"40157"|40157|"Sumatran freshwater swamp forests"|1|"Tropical & Subtropical Moist Broadleaf Forests"|4|"IndoMalay"|"teow"
"40158"|40158|"Sumatran lowland rain forests"|1|"Tropical & Subtropical Moist Broadleaf Forests"|4|"IndoMalay"|"teow"
"40159"|40159|"Sumatran montane rain forests"|1|"Tropical & Subtropical Moist Broadleaf Forests"|4|"IndoMalay"|"teow"
"40160"|40160|"Sumatran peat swamp forests"|1|"Tropical & Subtropical Moist Broadleaf Forests"|4|"IndoMalay"|"teow"
"40161"|40161|"Sundaland heath forests"|1|"Tropical & Subtropical Moist Broadleaf Forests"|4|"IndoMalay"|"teow"
"40162"|40162|"Sundarbans freshwater swamp forests"|1|"Tropical & Subtropical Moist Broadleaf Forests"|4|"IndoMalay"|"teow"
"40163"|40163|"Tenasserim-South Thailand semi-evergreen rain forests"|1|"Tropical & Subtropical Moist Broadleaf Forests"|4|"IndoMalay"|"teow"
"40164"|40164|"Tonle Sap freshwater swamp forests"|1|"Tropical & Subtropical Moist Broadleaf Forests"|4|"IndoMalay"|"teow"
"40165"|40165|"Tonle Sap-Mekong peat swamp forests"|1|"Tropical & Subtropical Moist Broadleaf Forests"|4|"IndoMalay"|"teow"
"40166"|40166|"Upper Gangetic Plains moist deciduous forests"|1|"Tropical & Subtropical Moist Broadleaf Forests"|4|"IndoMalay"|"teow"
"40167"|40167|"Western Java montane rain forests"|1|"Tropical & Subtropical Moist Broadleaf Forests"|4|"IndoMalay"|"teow"
"40168"|40168|"Western Java rain forests"|1|"Tropical & Subtropical Moist Broadleaf Forests"|4|"IndoMalay"|"teow"
"40169"|40169|"Hainan Island monsoon rain forests"|1|"Tropical & Subtropical Moist Broadleaf Forests"|4|"IndoMalay"|"teow"
"40170"|40170|"Nansei Islands subtropical evergreen forests"|1|"Tropical & Subtropical Moist Broadleaf Forests"|4|"IndoMalay"|"teow"
"40171"|40171|"South Taiwan monsoon rain forests"|1|"Tropical & Subtropical Moist Broadleaf Forests"|4|"IndoMalay"|"teow"
"40172"|40172|"Taiwan subtropical evergreen forests"|1|"Tropical & Subtropical Moist Broadleaf Forests"|4|"IndoMalay"|"teow"
"40201"|40201|"Central Deccan Plateau dry deciduous forests"|2|"Tropical & Subtropical Dry Broadleaf Forests"|4|"IndoMalay"|"teow"
"40202"|40202|"Central Indochina dry forests"|2|"Tropical & Subtropical Dry Broadleaf Forests"|4|"IndoMalay"|"teow"
"40203"|40203|"Chhota-Nagpur dry deciduous forests"|2|"Tropical & Subtropical Dry Broadleaf Forests"|4|"IndoMalay"|"teow"
"40204"|40204|"East Deccan dry-evergreen forests"|2|"Tropical & Subtropical Dry Broadleaf Forests"|4|"IndoMalay"|"teow"
"40205"|40205|"Irrawaddy dry forests"|2|"Tropical & Subtropical Dry Broadleaf Forests"|4|"IndoMalay"|"teow"
"40206"|40206|"Khathiar-Gir dry deciduous forests"|2|"Tropical & Subtropical Dry Broadleaf Forests"|4|"IndoMalay"|"teow"
"40207"|40207|"Narmada Valley dry deciduous forests"|2|"Tropical & Subtropical Dry Broadleaf Forests"|4|"IndoMalay"|"teow"
"40208"|40208|"Northern dry deciduous forests"|2|"Tropical & Subtropical Dry Broadleaf Forests"|4|"IndoMalay"|"teow"
"40209"|40209|"South Deccan Plateau dry deciduous forests"|2|"Tropical & Subtropical Dry Broadleaf Forests"|4|"IndoMalay"|"teow"
"40210"|40210|"Southeastern Indochina dry evergreen forests"|2|"Tropical & Subtropical Dry Broadleaf Forests"|4|"IndoMalay"|"teow"
"40211"|40211|"Southern Vietnam lowland dry forests"|2|"Tropical & Subtropical Dry Broadleaf Forests"|4|"IndoMalay"|"teow"
"40212"|40212|"Sri Lanka dry-zone dry evergreen forests"|2|"Tropical & Subtropical Dry Broadleaf Forests"|4|"IndoMalay"|"teow"
"40301"|40301|"Himalayan subtropical pine forests"|3|"Tropical & Subtropical Coniferous Forests"|4|"IndoMalay"|"teow"
"40302"|40302|"Luzon tropical pine forests"|3|"Tropical & Subtropical Coniferous Forests"|4|"IndoMalay"|"teow"
"40303"|40303|"Northeast India-Myanmar pine forests"|3|"Tropical & Subtropical Coniferous Forests"|4|"IndoMalay"|"teow"
"40304"|40304|"Sumatran tropical pine forests"|3|"Tropical & Subtropical Coniferous Forests"|4|"IndoMalay"|"teow"
"40401"|40401|"Eastern Himalayan broadleaf forests"|4|"Temperate Broadleaf & Mixed Forests"|4|"IndoMalay"|"teow"
"40402"|40402|"Northern Triangle temperate forests"|4|"Temperate Broadleaf & Mixed Forests"|4|"IndoMalay"|"teow"
"40403"|40403|"Western Himalayan broadleaf forests"|4|"Temperate Broadleaf & Mixed Forests"|4|"IndoMalay"|"teow"
"40501"|40501|"Eastern Himalayan subalpine conifer forests"|5|"Temperate Conifer Forests"|4|"IndoMalay"|"teow"
"40502"|40502|"Western Himalayan subalpine conifer forests"|5|"Temperate Conifer Forests"|4|"IndoMalay"|"teow"
"40701"|40701|"Terai-Duar savanna and grasslands"|7|"Tropical & Subtropical Grasslands, Savannas & Shrublands"|4|"IndoMalay"|"teow"
"40901"|40901|"Rann of Kutch seasonal salt marsh"|9|"Flooded Grasslands & Savannas"|4|"IndoMalay"|"teow"
"41001"|41001|"Kinabalu montane alpine meadows"|10|"Montane Grasslands & Shrublands"|4|"IndoMalay"|"teow"
"41301"|41301|"Deccan thorn scrub forests"|13|"Deserts & Xeric Shrublands"|4|"IndoMalay"|"teow"
"41302"|41302|"Indus Valley desert"|13|"Deserts & Xeric Shrublands"|4|"IndoMalay"|"teow"
"41303"|41303|"Northwestern thorn scrub forests"|13|"Deserts & Xeric Shrublands"|4|"IndoMalay"|"teow"
"41304"|41304|"Thar desert"|13|"Deserts & Xeric Shrublands"|4|"IndoMalay"|"teow"
"41401"|41401|"Goadavari-Krishna mangroves"|14|"Mangroves"|4|"IndoMalay"|"teow"
"41402"|41402|"Indochina mangroves"|14|"Mangroves"|4|"IndoMalay"|"teow"
"41403"|41403|"Indus River Delta-Arabian Sea mangroves"|14|"Mangroves"|4|"IndoMalay"|"teow"
"41404"|41404|"Myanmar Coast mangroves"|14|"Mangroves"|4|"IndoMalay"|"teow"
"41405"|41405|"Sunda Shelf mangroves"|14|"Mangroves"|4|"IndoMalay"|"teow"
"41406"|41406|"Sundarbans mangroves"|14|"Mangroves"|4|"IndoMalay"|"teow"
"50201"|50201|"Sonoran-Sinaloan transition subtropical dry forest"|2|"Tropical & Subtropical Dry Broadleaf Forests"|5|"Nearctic"|"teow"
"50301"|50301|"Bermuda subtropical conifer forests"|3|"Tropical & Subtropical Coniferous Forests"|5|"Nearctic"|"teow"
"50302"|50302|"Sierra Madre Occidental pine-oak forests"|3|"Tropical & Subtropical Coniferous Forests"|5|"Nearctic"|"teow"
"50303"|50303|"Sierra Madre Oriental pine-oak forests"|3|"Tropical & Subtropical Coniferous Forests"|5|"Nearctic"|"teow"
"50401"|50401|"Allegheny Highlands forests"|4|"Temperate Broadleaf & Mixed Forests"|5|"Nearctic"|"teow"
"50402"|50402|"Appalachian mixed mesophytic forests"|4|"Temperate Broadleaf & Mixed Forests"|5|"Nearctic"|"teow"
"50403"|50403|"Appalachian-Blue Ridge forests"|4|"Temperate Broadleaf & Mixed Forests"|5|"Nearctic"|"teow"
"50404"|50404|"Central U.S. hardwood forests"|4|"Temperate Broadleaf & Mixed Forests"|5|"Nearctic"|"teow"
"50405"|50405|"East Central Texas forests"|4|"Temperate Broadleaf & Mixed Forests"|5|"Nearctic"|"teow"
"50406"|50406|"Eastern forest-boreal transition"|4|"Temperate Broadleaf & Mixed Forests"|5|"Nearctic"|"teow"
"50407"|50407|"Eastern Great Lakes lowland forests"|4|"Temperate Broadleaf & Mixed Forests"|5|"Nearctic"|"teow"
"50408"|50408|"Gulf of St. Lawrence lowland forests"|4|"Temperate Broadleaf & Mixed Forests"|5|"Nearctic"|"teow"
"50409"|50409|"Mississippi lowland forests"|4|"Temperate Broadleaf & Mixed Forests"|5|"Nearctic"|"teow"
"50410"|50410|"New England-Acadian forests"|4|"Temperate Broadleaf & Mixed Forests"|5|"Nearctic"|"teow"
"50411"|50411|"Northeastern coastal forests"|4|"Temperate Broadleaf & Mixed Forests"|5|"Nearctic"|"teow"
"50412"|50412|"Ozark Mountain forests"|4|"Temperate Broadleaf & Mixed Forests"|5|"Nearctic"|"teow"
"50413"|50413|"Southeastern mixed forests"|4|"Temperate Broadleaf & Mixed Forests"|5|"Nearctic"|"teow"
"50414"|50414|"Southern Great Lakes forests"|4|"Temperate Broadleaf & Mixed Forests"|5|"Nearctic"|"teow"
"50415"|50415|"Upper Midwest forest-savanna transition"|4|"Temperate Broadleaf & Mixed Forests"|5|"Nearctic"|"teow"
"50416"|50416|"Western Great Lakes forests"|4|"Temperate Broadleaf & Mixed Forests"|5|"Nearctic"|"teow"
"50417"|50417|"Willamette Valley forests"|4|"Temperate Broadleaf & Mixed Forests"|5|"Nearctic"|"teow"
"50501"|50501|"Alberta Mountain forests"|5|"Temperate Conifer Forests"|5|"Nearctic"|"teow"
"50502"|50502|"Alberta-British Columbia foothills forests"|5|"Temperate Conifer Forests"|5|"Nearctic"|"teow"
"50503"|50503|"Arizona Mountains forests"|5|"Temperate Conifer Forests"|5|"Nearctic"|"teow"
"50504"|50504|"Atlantic coastal pine barrens"|5|"Temperate Conifer Forests"|5|"Nearctic"|"teow"
"50505"|50505|"Blue Mountains forests"|5|"Temperate Conifer Forests"|5|"Nearctic"|"teow"
"50506"|50506|"British Columbia mainland coastal forests"|5|"Temperate Conifer Forests"|5|"Nearctic"|"teow"
"50507"|50507|"Cascade Mountains leeward forests"|5|"Temperate Conifer Forests"|5|"Nearctic"|"teow"
"50508"|50508|"Central and Southern Cascades forests"|5|"Temperate Conifer Forests"|5|"Nearctic"|"teow"
"50509"|50509|"Central British Columbia Mountain forests"|5|"Temperate Conifer Forests"|5|"Nearctic"|"teow"
"50510"|50510|"Central Pacific coastal forests"|5|"Temperate Conifer Forests"|5|"Nearctic"|"teow"
"50511"|50511|"Colorado Rockies forests"|5|"Temperate Conifer Forests"|5|"Nearctic"|"teow"
"50512"|50512|"Eastern Cascades forests"|5|"Temperate Conifer Forests"|5|"Nearctic"|"teow"
"50513"|50513|"Florida sand pine scrub"|5|"Temperate Conifer Forests"|5|"Nearctic"|"teow"
"50514"|50514|"Fraser Plateau and Basin complex"|5|"Temperate Conifer Forests"|5|"Nearctic"|"teow"
"50515"|50515|"Great Basin montane forests"|5|"Temperate Conifer Forests"|5|"Nearctic"|"teow"
"50516"|50516|"Klamath-Siskiyou forests"|5|"Temperate Conifer Forests"|5|"Nearctic"|"teow"
"50517"|50517|"Middle Atlantic coastal forests"|5|"Temperate Conifer Forests"|5|"Nearctic"|"teow"
"50518"|50518|"North Central Rockies forests"|5|"Temperate Conifer Forests"|5|"Nearctic"|"teow"
"50519"|50519|"Northern California coastal forests"|5|"Temperate Conifer Forests"|5|"Nearctic"|"teow"
"50520"|50520|"Northern Pacific coastal forests"|5|"Temperate Conifer Forests"|5|"Nearctic"|"teow"
"50521"|50521|"Northern transitional alpine forests"|5|"Temperate Conifer Forests"|5|"Nearctic"|"teow"
"50522"|50522|"Okanagan dry forests"|5|"Temperate Conifer Forests"|5|"Nearctic"|"teow"
"50523"|50523|"Piney Woods forests"|5|"Temperate Conifer Forests"|5|"Nearctic"|"teow"
"50524"|50524|"Puget lowland forests"|5|"Temperate Conifer Forests"|5|"Nearctic"|"teow"
"50525"|50525|"Queen Charlotte Islands"|5|"Temperate Conifer Forests"|5|"Nearctic"|"teow"
"50526"|50526|"Sierra Juarez and San Pedro Martir pine-oak forests"|5|"Temperate Conifer Forests"|5|"Nearctic"|"teow"
"50527"|50527|"Sierra Nevada forests"|5|"Temperate Conifer Forests"|5|"Nearctic"|"teow"
"50528"|50528|"South Central Rockies forests"|5|"Temperate Conifer Forests"|5|"Nearctic"|"teow"
"50529"|50529|"Southeastern conifer forests"|5|"Temperate Conifer Forests"|5|"Nearctic"|"teow"
"50530"|50530|"Wasatch and Uinta montane forests"|5|"Temperate Conifer Forests"|5|"Nearctic"|"teow"
"50601"|50601|"Alaska Peninsula montane taiga"|6|"Boreal Forests/Taiga"|5|"Nearctic"|"teow"
"50602"|50602|"Central Canadian Shield forests"|6|"Boreal Forests/Taiga"|5|"Nearctic"|"teow"
"50603"|50603|"Cook Inlet taiga"|6|"Boreal Forests/Taiga"|5|"Nearctic"|"teow"
"50604"|50604|"Copper Plateau taiga"|6|"Boreal Forests/Taiga"|5|"Nearctic"|"teow"
"50605"|50605|"Eastern Canadian forests"|6|"Boreal Forests/Taiga"|5|"Nearctic"|"teow"
"50606"|50606|"Eastern Canadian Shield taiga"|6|"Boreal Forests/Taiga"|5|"Nearctic"|"teow"
"50607"|50607|"Interior Alaska-Yukon lowland taiga"|6|"Boreal Forests/Taiga"|5|"Nearctic"|"teow"
"50608"|50608|"Mid-Continental Canadian forests"|6|"Boreal Forests/Taiga"|5|"Nearctic"|"teow"
"50609"|50609|"Midwestern Canadian Shield forests"|6|"Boreal Forests/Taiga"|5|"Nearctic"|"teow"
"50610"|50610|"Muskwa-Slave Lake forests"|6|"Boreal Forests/Taiga"|5|"Nearctic"|"teow"
"50611"|50611|"Newfoundland Highland forests"|6|"Boreal Forests/Taiga"|5|"Nearctic"|"teow"
"50612"|50612|"Northern Canadian Shield taiga"|6|"Boreal Forests/Taiga"|5|"Nearctic"|"teow"
"50613"|50613|"Northern Cordillera forests"|6|"Boreal Forests/Taiga"|5|"Nearctic"|"teow"
"50614"|50614|"Northwest Territories taiga"|6|"Boreal Forests/Taiga"|5|"Nearctic"|"teow"
"50615"|50615|"South Avalon-Burin oceanic barrens"|6|"Boreal Forests/Taiga"|5|"Nearctic"|"teow"
"50616"|50616|"Southern Hudson Bay taiga"|6|"Boreal Forests/Taiga"|5|"Nearctic"|"teow"
"50617"|50617|"Yukon Interior dry forests"|6|"Boreal Forests/Taiga"|5|"Nearctic"|"teow"
"50701"|50701|"Western Gulf coastal grasslands"|7|"Tropical & Subtropical Grasslands, Savannas & Shrublands"|5|"Nearctic"|"teow"
"50801"|50801|"California Central Valley grasslands"|8|"Temperate Grasslands, Savannas & Shrublands"|5|"Nearctic"|"teow"
"50802"|50802|"Canadian Aspen forests and parklands"|8|"Temperate Grasslands, Savannas & Shrublands"|5|"Nearctic"|"teow"
"50803"|50803|"Central and Southern mixed grasslands"|8|"Temperate Grasslands, Savannas & Shrublands"|5|"Nearctic"|"teow"
"50804"|50804|"Central forest-grasslands transition"|8|"Temperate Grasslands, Savannas & Shrublands"|5|"Nearctic"|"teow"
"50805"|50805|"Central tall grasslands"|8|"Temperate Grasslands, Savannas & Shrublands"|5|"Nearctic"|"teow"
"50806"|50806|"Edwards Plateau savanna"|8|"Temperate Grasslands, Savannas & Shrublands"|5|"Nearctic"|"teow"
"50807"|50807|"Flint Hills tall grasslands"|8|"Temperate Grasslands, Savannas & Shrublands"|5|"Nearctic"|"teow"
"50808"|50808|"Montana Valley and Foothill grasslands"|8|"Temperate Grasslands, Savannas & Shrublands"|5|"Nearctic"|"teow"
"50809"|50809|"Nebraska Sand Hills mixed grasslands"|8|"Temperate Grasslands, Savannas & Shrublands"|5|"Nearctic"|"teow"
"50810"|50810|"Northern mixed grasslands"|8|"Temperate Grasslands, Savannas & Shrublands"|5|"Nearctic"|"teow"
"50811"|50811|"Northern short grasslands"|8|"Temperate Grasslands, Savannas & Shrublands"|5|"Nearctic"|"teow"
"50812"|50812|"Northern tall grasslands"|8|"Temperate Grasslands, Savannas & Shrublands"|5|"Nearctic"|"teow"
"50813"|50813|"Palouse grasslands"|8|"Temperate Grasslands, Savannas & Shrublands"|5|"Nearctic"|"teow"
"50814"|50814|"Texas blackland prairies"|8|"Temperate Grasslands, Savannas & Shrublands"|5|"Nearctic"|"teow"
"50815"|50815|"Western short grasslands"|8|"Temperate Grasslands, Savannas & Shrublands"|5|"Nearctic"|"teow"
"51101"|51101|"Alaska-St. Elias Range tundra"|11|"Tundra"|5|"Nearctic"|"teow"
"51102"|51102|"Aleutian Islands tundra"|11|"Tundra"|5|"Nearctic"|"teow"
"51103"|51103|"Arctic coastal tundra"|11|"Tundra"|5|"Nearctic"|"teow"
"51104"|51104|"Arctic foothills tundra"|11|"Tundra"|5|"Nearctic"|"teow"
"51105"|51105|"Baffin coastal tundra"|11|"Tundra"|5|"Nearctic"|"teow"
"51106"|51106|"Beringia lowland tundra"|11|"Tundra"|5|"Nearctic"|"teow"
"51107"|51107|"Beringia upland tundra"|11|"Tundra"|5|"Nearctic"|"teow"
"51108"|51108|"Brooks-British Range tundra"|11|"Tundra"|5|"Nearctic"|"teow"
"51109"|51109|"Davis Highlands tundra"|11|"Tundra"|5|"Nearctic"|"teow"
"51110"|51110|"High Arctic tundra"|11|"Tundra"|5|"Nearctic"|"teow"
"51111"|51111|"Interior Yukon-Alaska alpine tundra"|11|"Tundra"|5|"Nearctic"|"teow"
"51112"|51112|"Kalaallit Nunaat high arctic tundra"|11|"Tundra"|5|"Nearctic"|"teow"
"51113"|51113|"Kalaallit Nunaat low arctic tundra"|11|"Tundra"|5|"Nearctic"|"teow"
"51114"|51114|"Low Arctic tundra"|11|"Tundra"|5|"Nearctic"|"teow"
"51115"|51115|"Middle Arctic tundra"|11|"Tundra"|5|"Nearctic"|"teow"
"51116"|51116|"Ogilvie-MacKenzie alpine tundra"|11|"Tundra"|5|"Nearctic"|"teow"
"51117"|51117|"Pacific Coastal Mountain icefields and tundra"|11|"Tundra"|5|"Nearctic"|"teow"
"51118"|51118|"Torngat Mountain tundra"|11|"Tundra"|5|"Nearctic"|"teow"
"51201"|51201|"California coastal sage and chaparral"|12|"Mediterranean Forests, Woodlands & Scrub"|5|"Nearctic"|"teow"
"51202"|51202|"California interior chaparral and woodlands"|12|"Mediterranean Forests, Woodlands & Scrub"|5|"Nearctic"|"teow"
"51203"|51203|"California montane chaparral and woodlands"|12|"Mediterranean Forests, Woodlands & Scrub"|5|"Nearctic"|"teow"
"51301"|51301|"Baja California desert"|13|"Deserts & Xeric Shrublands"|5|"Nearctic"|"teow"
"51302"|51302|"Central Mexican matorral"|13|"Deserts & Xeric Shrublands"|5|"Nearctic"|"teow"
"51303"|51303|"Chihuahuan desert"|13|"Deserts & Xeric Shrublands"|5|"Nearctic"|"teow"
"51304"|51304|"Colorado Plateau shrublands"|13|"Deserts & Xeric Shrublands"|5|"Nearctic"|"teow"
"51305"|51305|"Great Basin shrub steppe"|13|"Deserts & Xeric Shrublands"|5|"Nearctic"|"teow"
"51306"|51306|"Gulf of California xeric scrub"|13|"Deserts & Xeric Shrublands"|5|"Nearctic"|"teow"
"51307"|51307|"Meseta Central matorral"|13|"Deserts & Xeric Shrublands"|5|"Nearctic"|"teow"
"51308"|51308|"Mojave desert"|13|"Deserts & Xeric Shrublands"|5|"Nearctic"|"teow"
"51309"|51309|"Snake-Columbia shrub steppe"|13|"Deserts & Xeric Shrublands"|5|"Nearctic"|"teow"
"51310"|51310|"Sonoran desert"|13|"Deserts & Xeric Shrublands"|5|"Nearctic"|"teow"
"51311"|51311|"Tamaulipan matorral"|13|"Deserts & Xeric Shrublands"|5|"Nearctic"|"teow"
"51312"|51312|"Tamaulipan mezquital"|13|"Deserts & Xeric Shrublands"|5|"Nearctic"|"teow"
"51313"|51313|"Wyoming Basin shrub steppe"|13|"Deserts & Xeric Shrublands"|5|"Nearctic"|"teow"
"60101"|60101|"Araucaria moist forests"|1|"Tropical & Subtropical Moist Broadleaf Forests"|6|"Neotropics"|"teow"
"60102"|60102|"Atlantic Coast restingas"|1|"Tropical & Subtropical Moist Broadleaf Forests"|6|"Neotropics"|"teow"
"60103"|60103|"Bahia coastal forests"|1|"Tropical & Subtropical Moist Broadleaf Forests"|6|"Neotropics"|"teow"
"60104"|60104|"Bahia interior forests"|1|"Tropical & Subtropical Moist Broadleaf Forests"|6|"Neotropics"|"teow"
"60105"|60105|"Bolivian Yungas"|1|"Tropical & Subtropical Moist Broadleaf Forests"|6|"Neotropics"|"teow"
"60106"|60106|"Caatinga Enclaves moist forests"|1|"Tropical & Subtropical Moist Broadleaf Forests"|6|"Neotropics"|"teow"
"60107"|60107|"Caqueta moist forests"|1|"Tropical & Subtropical Moist Broadleaf Forests"|6|"Neotropics"|"teow"
"60108"|60108|"Catatumbo moist forests"|1|"Tropical & Subtropical Moist Broadleaf Forests"|6|"Neotropics"|"teow"
"60109"|60109|"Cauca Valley montane forests"|1|"Tropical & Subtropical Moist Broadleaf Forests"|6|"Neotropics"|"teow"
"60110"|60110|"Cayos Miskitos-San Andrés and Providencia moist forests"|1|"Tropical & Subtropical Moist Broadleaf Forests"|6|"Neotropics"|"teow"
"60111"|60111|"Central American Atlantic moist forests"|1|"Tropical & Subtropical Moist Broadleaf Forests"|6|"Neotropics"|"teow"
"60112"|60112|"Central American montane forests"|1|"Tropical & Subtropical Moist Broadleaf Forests"|6|"Neotropics"|"teow"
"60113"|60113|"Chiapas montane forests"|1|"Tropical & Subtropical Moist Broadleaf Forests"|6|"Neotropics"|"teow"
"60114"|60114|"Chimalapas montane forests"|1|"Tropical & Subtropical Moist Broadleaf Forests"|6|"Neotropics"|"teow"
"60115"|60115|"Chocó-Darién moist forests"|1|"Tropical & Subtropical Moist Broadleaf Forests"|6|"Neotropics"|"teow"
"60116"|60116|"Cocos Island moist forests"|1|"Tropical & Subtropical Moist Broadleaf Forests"|6|"Neotropics"|"teow"
"60117"|60117|"Cordillera La Costa montane forests"|1|"Tropical & Subtropical Moist Broadleaf Forests"|6|"Neotropics"|"teow"
"60118"|60118|"Cordillera Oriental montane forests"|1|"Tropical & Subtropical Moist Broadleaf Forests"|6|"Neotropics"|"teow"
"60119"|60119|"Costa Rican seasonal moist forests"|1|"Tropical & Subtropical Moist Broadleaf Forests"|6|"Neotropics"|"teow"
"60120"|60120|"Cuban moist forests"|1|"Tropical & Subtropical Moist Broadleaf Forests"|6|"Neotropics"|"teow"
"60121"|60121|"Eastern Cordillera real montane forests"|1|"Tropical & Subtropical Moist Broadleaf Forests"|6|"Neotropics"|"teow"
"60122"|60122|"Eastern Panamanian montane forests"|1|"Tropical & Subtropical Moist Broadleaf Forests"|6|"Neotropics"|"teow"
"60123"|60123|"Fernando de Noronha-Atol das Rocas moist forests"|1|"Tropical & Subtropical Moist Broadleaf Forests"|6|"Neotropics"|"teow"
"60124"|60124|"Guianan Highlands moist forests"|1|"Tropical & Subtropical Moist Broadleaf Forests"|6|"Neotropics"|"teow"
"60125"|60125|"Guianan moist forests"|1|"Tropical & Subtropical Moist Broadleaf Forests"|6|"Neotropics"|"teow"
"60126"|60126|"Gurupa varzeá"|1|"Tropical & Subtropical Moist Broadleaf Forests"|6|"Neotropics"|"teow"
"60127"|60127|"Hispaniolan moist forests"|1|"Tropical & Subtropical Moist Broadleaf Forests"|6|"Neotropics"|"teow"
"60128"|60128|"Iquitos varzeá"|1|"Tropical & Subtropical Moist Broadleaf Forests"|6|"Neotropics"|"teow"
"60129"|60129|"Isthmian-Atlantic moist forests"|1|"Tropical & Subtropical Moist Broadleaf Forests"|6|"Neotropics"|"teow"
"60130"|60130|"Isthmian-Pacific moist forests"|1|"Tropical & Subtropical Moist Broadleaf Forests"|6|"Neotropics"|"teow"
"60131"|60131|"Jamaican moist forests"|1|"Tropical & Subtropical Moist Broadleaf Forests"|6|"Neotropics"|"teow"
"60132"|60132|"Japurá-Solimoes-Negro moist forests"|1|"Tropical & Subtropical Moist Broadleaf Forests"|6|"Neotropics"|"teow"
"60133"|60133|"Juruá-Purus moist forests"|1|"Tropical & Subtropical Moist Broadleaf Forests"|6|"Neotropics"|"teow"
"60134"|60134|"Leeward Islands moist forests"|1|"Tropical & Subtropical Moist Broadleaf Forests"|6|"Neotropics"|"teow"
"60135"|60135|"Madeira-Tapajós moist forests"|1|"Tropical & Subtropical Moist Broadleaf Forests"|6|"Neotropics"|"teow"
"60136"|60136|"Magdalena Valley montane forests"|1|"Tropical & Subtropical Moist Broadleaf Forests"|6|"Neotropics"|"teow"
"60137"|60137|"Magdalena-Urabá moist forests"|1|"Tropical & Subtropical Moist Broadleaf Forests"|6|"Neotropics"|"teow"
"60138"|60138|"Marajó varzeá"|1|"Tropical & Subtropical Moist Broadleaf Forests"|6|"Neotropics"|"teow"
"60139"|60139|"Maranhăo Babaçu forests"|1|"Tropical & Subtropical Moist Broadleaf Forests"|6|"Neotropics"|"teow"
"60140"|60140|"Mato Grosso seasonal forests"|1|"Tropical & Subtropical Moist Broadleaf Forests"|6|"Neotropics"|"teow"
"60141"|60141|"Monte Alegre varzeá"|1|"Tropical & Subtropical Moist Broadleaf Forests"|6|"Neotropics"|"teow"
"60142"|60142|"Napo moist forests"|1|"Tropical & Subtropical Moist Broadleaf Forests"|6|"Neotropics"|"teow"
"60143"|60143|"Negro-Branco moist forests"|1|"Tropical & Subtropical Moist Broadleaf Forests"|6|"Neotropics"|"teow"
"60144"|60144|"Northeastern Brazil restingas"|1|"Tropical & Subtropical Moist Broadleaf Forests"|6|"Neotropics"|"teow"
"60145"|60145|"Northwestern Andean montane forests"|1|"Tropical & Subtropical Moist Broadleaf Forests"|6|"Neotropics"|"teow"
"60146"|60146|"Oaxacan montane forests"|1|"Tropical & Subtropical Moist Broadleaf Forests"|6|"Neotropics"|"teow"
"60147"|60147|"Orinoco Delta swamp forests"|1|"Tropical & Subtropical Moist Broadleaf Forests"|6|"Neotropics"|"teow"
"60148"|60148|"Pantanos de Centla"|1|"Tropical & Subtropical Moist Broadleaf Forests"|6|"Neotropics"|"teow"
"60149"|60149|"Guianan freshwater swamp forests"|1|"Tropical & Subtropical Moist Broadleaf Forests"|6|"Neotropics"|"teow"
"60150"|60150|"Alto Paraná Atlantic forests"|1|"Tropical & Subtropical Moist Broadleaf Forests"|6|"Neotropics"|"teow"
"60151"|60151|"Pernambuco coastal forests"|1|"Tropical & Subtropical Moist Broadleaf Forests"|6|"Neotropics"|"teow"
"60152"|60152|"Pernambuco interior forests"|1|"Tropical & Subtropical Moist Broadleaf Forests"|6|"Neotropics"|"teow"
"60153"|60153|"Peruvian Yungas"|1|"Tropical & Subtropical Moist Broadleaf Forests"|6|"Neotropics"|"teow"
"60154"|60154|"Petén-Veracruz moist forests"|1|"Tropical & Subtropical Moist Broadleaf Forests"|6|"Neotropics"|"teow"
"60155"|60155|"Puerto Rican moist forests"|1|"Tropical & Subtropical Moist Broadleaf Forests"|6|"Neotropics"|"teow"
"60156"|60156|"Purus varzeá"|1|"Tropical & Subtropical Moist Broadleaf Forests"|6|"Neotropics"|"teow"
"60157"|60157|"Purus-Madeira moist forests"|1|"Tropical & Subtropical Moist Broadleaf Forests"|6|"Neotropics"|"teow"
"60158"|60158|"Rio Negro campinarana"|1|"Tropical & Subtropical Moist Broadleaf Forests"|6|"Neotropics"|"teow"
"60159"|60159|"Santa Marta montane forests"|1|"Tropical & Subtropical Moist Broadleaf Forests"|6|"Neotropics"|"teow"
"60160"|60160|"Serra do Mar coastal forests"|1|"Tropical & Subtropical Moist Broadleaf Forests"|6|"Neotropics"|"teow"
"60161"|60161|"Sierra de los Tuxtlas"|1|"Tropical & Subtropical Moist Broadleaf Forests"|6|"Neotropics"|"teow"
"60162"|60162|"Sierra Madre de Chiapas moist forests"|1|"Tropical & Subtropical Moist Broadleaf Forests"|6|"Neotropics"|"teow"
"60163"|60163|"Solimőes-Japurá moist forests"|1|"Tropical & Subtropical Moist Broadleaf Forests"|6|"Neotropics"|"teow"
"60164"|60164|"South Florida rocklands"|1|"Tropical & Subtropical Moist Broadleaf Forests"|6|"Neotropics"|"teow"
"60165"|60165|"Southern Andean Yungas"|1|"Tropical & Subtropical Moist Broadleaf Forests"|6|"Neotropics"|"teow"
"60166"|60166|"Southwest Amazon moist forests"|1|"Tropical & Subtropical Moist Broadleaf Forests"|6|"Neotropics"|"teow"
"60167"|60167|"Talamancan montane forests"|1|"Tropical & Subtropical Moist Broadleaf Forests"|6|"Neotropics"|"teow"
"60168"|60168|"Tapajós-Xingu moist forests"|1|"Tropical & Subtropical Moist Broadleaf Forests"|6|"Neotropics"|"teow"
"60169"|60169|"Pantepui"|1|"Tropical & Subtropical Moist Broadleaf Forests"|6|"Neotropics"|"teow"
"60170"|60170|"Tocantins/Pindare moist forests"|1|"Tropical & Subtropical Moist Broadleaf Forests"|6|"Neotropics"|"teow"
"60171"|60171|"Trinidad and Tobago moist forests"|1|"Tropical & Subtropical Moist Broadleaf Forests"|6|"Neotropics"|"teow"
"60172"|60172|"Trindade-Martin Vaz Islands tropical forests"|1|"Tropical & Subtropical Moist Broadleaf Forests"|6|"Neotropics"|"teow"
"60173"|60173|"Uatuma-Trombetas moist forests"|1|"Tropical & Subtropical Moist Broadleaf Forests"|6|"Neotropics"|"teow"
"60174"|60174|"Ucayali moist forests"|1|"Tropical & Subtropical Moist Broadleaf Forests"|6|"Neotropics"|"teow"
"60175"|60175|"Venezuelan Andes montane forests"|1|"Tropical & Subtropical Moist Broadleaf Forests"|6|"Neotropics"|"teow"
"60176"|60176|"Veracruz moist forests"|1|"Tropical & Subtropical Moist Broadleaf Forests"|6|"Neotropics"|"teow"
"60177"|60177|"Veracruz montane forests"|1|"Tropical & Subtropical Moist Broadleaf Forests"|6|"Neotropics"|"teow"
"60178"|60178|"Western Ecuador moist forests"|1|"Tropical & Subtropical Moist Broadleaf Forests"|6|"Neotropics"|"teow"
"60179"|60179|"Windward Islands moist forests"|1|"Tropical & Subtropical Moist Broadleaf Forests"|6|"Neotropics"|"teow"
"60180"|60180|"Xingu-Tocantins-Araguaia moist forests"|1|"Tropical & Subtropical Moist Broadleaf Forests"|6|"Neotropics"|"teow"
"60181"|60181|"Yucatán moist forests"|1|"Tropical & Subtropical Moist Broadleaf Forests"|6|"Neotropics"|"teow"
"60182"|60182|"Guianan piedmont and lowland moist forests"|1|"Tropical & Subtropical Moist Broadleaf Forests"|6|"Neotropics"|"teow"
"60201"|60201|"Apure-Villavicencio dry forests"|2|"Tropical & Subtropical Dry Broadleaf Forests"|6|"Neotropics"|"teow"
"60202"|60202|"Atlantic dry forests"|2|"Tropical & Subtropical Dry Broadleaf Forests"|6|"Neotropics"|"teow"
"60204"|60204|"Bajío dry forests"|2|"Tropical & Subtropical Dry Broadleaf Forests"|6|"Neotropics"|"teow"
"60205"|60205|"Balsas dry forests"|2|"Tropical & Subtropical Dry Broadleaf Forests"|6|"Neotropics"|"teow"
"60206"|60206|"Bolivian montane dry forests"|2|"Tropical & Subtropical Dry Broadleaf Forests"|6|"Neotropics"|"teow"
"60207"|60207|"Cauca Valley dry forests"|2|"Tropical & Subtropical Dry Broadleaf Forests"|6|"Neotropics"|"teow"
"60209"|60209|"Central American dry forests"|2|"Tropical & Subtropical Dry Broadleaf Forests"|6|"Neotropics"|"teow"
"60210"|60210|"Dry Chaco"|7|"Tropical & Subtropical Grasslands, Savannas & Shrublands"|6|"Neotropics"|"teow"
"60211"|60211|"Chiapas Depression dry forests"|2|"Tropical & Subtropical Dry Broadleaf Forests"|6|"Neotropics"|"teow"
"60212"|60212|"Chiquitano dry forests"|2|"Tropical & Subtropical Dry Broadleaf Forests"|6|"Neotropics"|"teow"
"60213"|60213|"Cuban dry forests"|2|"Tropical & Subtropical Dry Broadleaf Forests"|6|"Neotropics"|"teow"
"60214"|60214|"Ecuadorian dry forests"|2|"Tropical & Subtropical Dry Broadleaf Forests"|6|"Neotropics"|"teow"
"60215"|60215|"Hispaniolan dry forests"|2|"Tropical & Subtropical Dry Broadleaf Forests"|6|"Neotropics"|"teow"
"60216"|60216|"Islas Revillagigedo dry forests"|2|"Tropical & Subtropical Dry Broadleaf Forests"|6|"Neotropics"|"teow"
"60217"|60217|"Jalisco dry forests"|2|"Tropical & Subtropical Dry Broadleaf Forests"|6|"Neotropics"|"teow"
"60218"|60218|"Jamaican dry forests"|2|"Tropical & Subtropical Dry Broadleaf Forests"|6|"Neotropics"|"teow"
"60219"|60219|"Lara-Falcón dry forests"|2|"Tropical & Subtropical Dry Broadleaf Forests"|6|"Neotropics"|"teow"
"60220"|60220|"Lesser Antillean dry forests"|2|"Tropical & Subtropical Dry Broadleaf Forests"|6|"Neotropics"|"teow"
"60221"|60221|"Magdalena Valley dry forests"|2|"Tropical & Subtropical Dry Broadleaf Forests"|6|"Neotropics"|"teow"
"60222"|60222|"Maracaibo dry forests"|2|"Tropical & Subtropical Dry Broadleaf Forests"|6|"Neotropics"|"teow"
"60223"|60223|"Marańón dry forests"|2|"Tropical & Subtropical Dry Broadleaf Forests"|6|"Neotropics"|"teow"
"60224"|60224|"Panamanian dry forests"|2|"Tropical & Subtropical Dry Broadleaf Forests"|6|"Neotropics"|"teow"
"60225"|60225|"Patía Valley dry forests"|2|"Tropical & Subtropical Dry Broadleaf Forests"|6|"Neotropics"|"teow"
"60226"|60226|"Puerto Rican dry forests"|2|"Tropical & Subtropical Dry Broadleaf Forests"|6|"Neotropics"|"teow"
"60227"|60227|"Sierra de la Laguna dry forests"|2|"Tropical & Subtropical Dry Broadleaf Forests"|6|"Neotropics"|"teow"
"60228"|60228|"Sinaloan dry forests"|2|"Tropical & Subtropical Dry Broadleaf Forests"|6|"Neotropics"|"teow"
"60229"|60229|"Sinú Valley dry forests"|2|"Tropical & Subtropical Dry Broadleaf Forests"|6|"Neotropics"|"teow"
"60230"|60230|"Southern Pacific dry forests"|2|"Tropical & Subtropical Dry Broadleaf Forests"|6|"Neotropics"|"teow"
"60232"|60232|"Tumbes-Piura dry forests"|2|"Tropical & Subtropical Dry Broadleaf Forests"|6|"Neotropics"|"teow"
"60233"|60233|"Veracruz dry forests"|2|"Tropical & Subtropical Dry Broadleaf Forests"|6|"Neotropics"|"teow"
"60235"|60235|"Yucatán dry forests"|2|"Tropical & Subtropical Dry Broadleaf Forests"|6|"Neotropics"|"teow"
"60301"|60301|"Bahamian pine mosaic"|3|"Tropical & Subtropical Coniferous Forests"|6|"Neotropics"|"teow"
"60302"|60302|"Belizian pine forests"|3|"Tropical & Subtropical Coniferous Forests"|6|"Neotropics"|"teow"
"60303"|60303|"Central American pine-oak forests"|3|"Tropical & Subtropical Coniferous Forests"|6|"Neotropics"|"teow"
"60304"|60304|"Cuban pine forests"|3|"Tropical & Subtropical Coniferous Forests"|6|"Neotropics"|"teow"
"60305"|60305|"Hispaniolan pine forests"|3|"Tropical & Subtropical Coniferous Forests"|6|"Neotropics"|"teow"
"60306"|60306|"Miskito pine forests"|3|"Tropical & Subtropical Coniferous Forests"|6|"Neotropics"|"teow"
"60307"|60307|"Sierra de la Laguna pine-oak forests"|3|"Tropical & Subtropical Coniferous Forests"|6|"Neotropics"|"teow"
"60308"|60308|"Sierra Madre de Oaxaca pine-oak forests"|3|"Tropical & Subtropical Coniferous Forests"|6|"Neotropics"|"teow"
"60309"|60309|"Sierra Madre del Sur pine-oak forests"|3|"Tropical & Subtropical Coniferous Forests"|6|"Neotropics"|"teow"
"60310"|60310|"Trans-Mexican Volcanic Belt pine-oak forests"|3|"Tropical & Subtropical Coniferous Forests"|6|"Neotropics"|"teow"
"60401"|60401|"Juan Fernández Islands temperate forests"|4|"Temperate Broadleaf & Mixed Forests"|6|"Neotropics"|"teow"
"60402"|60402|"Magellanic subpolar forests"|4|"Temperate Broadleaf & Mixed Forests"|6|"Neotropics"|"teow"
"60403"|60403|"San Félix-San Ambrosio Islands temperate forests"|4|"Temperate Broadleaf & Mixed Forests"|6|"Neotropics"|"teow"
"60404"|60404|"Valdivian temperate forests"|4|"Temperate Broadleaf & Mixed Forests"|6|"Neotropics"|"teow"
"60702"|60702|"Beni savanna"|7|"Tropical & Subtropical Grasslands, Savannas & Shrublands"|6|"Neotropics"|"teow"
"60703"|60703|"Campos Rupestres montane savanna"|7|"Tropical & Subtropical Grasslands, Savannas & Shrublands"|6|"Neotropics"|"teow"
"60704"|60704|"Cerrado"|7|"Tropical & Subtropical Grasslands, Savannas & Shrublands"|6|"Neotropics"|"teow"
"60705"|60705|"Clipperton Island shrub and grasslands"|7|"Tropical & Subtropical Grasslands, Savannas & Shrublands"|6|"Neotropics"|"teow"
"60707"|60707|"Guianan savanna"|7|"Tropical & Subtropical Grasslands, Savannas & Shrublands"|6|"Neotropics"|"teow"
"60708"|60708|"Humid Chaco"|7|"Tropical & Subtropical Grasslands, Savannas & Shrublands"|6|"Neotropics"|"teow"
"60709"|60709|"Llanos"|7|"Tropical & Subtropical Grasslands, Savannas & Shrublands"|6|"Neotropics"|"teow"
"60710"|60710|"Uruguayan savanna"|7|"Tropical & Subtropical Grasslands, Savannas & Shrublands"|6|"Neotropics"|"teow"
"60801"|60801|"Espinal"|8|"Temperate Grasslands, Savannas & Shrublands"|6|"Neotropics"|"teow"
"60802"|60802|"Low Monte"|8|"Temperate Grasslands, Savannas & Shrublands"|6|"Neotropics"|"teow"
"60803"|60803|"Humid Pampas"|8|"Temperate Grasslands, Savannas & Shrublands"|6|"Neotropics"|"teow"
"60805"|60805|"Patagonian steppe"|8|"Temperate Grasslands, Savannas & Shrublands"|6|"Neotropics"|"teow"
"60902"|60902|"Cuban wetlands"|9|"Flooded Grasslands & Savannas"|6|"Neotropics"|"teow"
"60903"|60903|"Enriquillo wetlands"|9|"Flooded Grasslands & Savannas"|6|"Neotropics"|"teow"
"60904"|60904|"Everglades"|9|"Flooded Grasslands & Savannas"|6|"Neotropics"|"teow"
"60905"|60905|"Guayaquil flooded grasslands"|9|"Flooded Grasslands & Savannas"|6|"Neotropics"|"teow"
"60906"|60906|"Orinoco wetlands"|9|"Flooded Grasslands & Savannas"|6|"Neotropics"|"teow"
"60907"|60907|"Pantanal"|9|"Flooded Grasslands & Savannas"|6|"Neotropics"|"teow"
"60908"|60908|"Paraná flooded savanna"|9|"Flooded Grasslands & Savannas"|6|"Neotropics"|"teow"
"60909"|60909|"Southern Cone Mesopotamian savanna"|9|"Flooded Grasslands & Savannas"|6|"Neotropics"|"teow"
"61001"|61001|"Central Andean dry puna"|10|"Montane Grasslands & Shrublands"|6|"Neotropics"|"teow"
"61002"|61002|"Central Andean puna"|10|"Montane Grasslands & Shrublands"|6|"Neotropics"|"teow"
"61003"|61003|"Central Andean wet puna"|10|"Montane Grasslands & Shrublands"|6|"Neotropics"|"teow"
"61004"|61004|"Cordillera Central páramo"|10|"Montane Grasslands & Shrublands"|6|"Neotropics"|"teow"
"61005"|61005|"Cordillera de Merida páramo"|10|"Montane Grasslands & Shrublands"|6|"Neotropics"|"teow"
"61006"|61006|"Northern Andean páramo"|10|"Montane Grasslands & Shrublands"|6|"Neotropics"|"teow"
"61007"|61007|"Santa Marta páramo"|10|"Montane Grasslands & Shrublands"|6|"Neotropics"|"teow"
"61008"|61008|"Southern Andean steppe"|10|"Montane Grasslands & Shrublands"|6|"Neotropics"|"teow"
"61010"|61010|"High Monte"|10|"Montane Grasslands & Shrublands"|6|"Neotropics"|"teow"
"61201"|61201|"Chilean matorral"|12|"Mediterranean Forests, Woodlands & Scrub"|6|"Neotropics"|"teow"
"61301"|61301|"Araya and Paria xeric scrub"|13|"Deserts & Xeric Shrublands"|6|"Neotropics"|"teow"
"61303"|61303|"Atacama desert"|13|"Deserts & Xeric Shrublands"|6|"Neotropics"|"teow"
"61304"|61304|"Caatinga"|13|"Deserts & Xeric Shrublands"|6|"Neotropics"|"teow"
"61305"|61305|"Caribbean shrublands"|13|"Deserts & Xeric Shrublands"|6|"Neotropics"|"teow"
"61306"|61306|"Cuban cactus scrub"|13|"Deserts & Xeric Shrublands"|6|"Neotropics"|"teow"
"61307"|61307|"Galápagos Islands scrubland mosaic"|13|"Deserts & Xeric Shrublands"|6|"Neotropics"|"teow"
"61308"|61308|"Guajira-Barranquilla xeric scrub"|13|"Deserts & Xeric Shrublands"|6|"Neotropics"|"teow"
"61309"|61309|"La Costa xeric shrublands"|13|"Deserts & Xeric Shrublands"|6|"Neotropics"|"teow"
"61311"|61311|"Malpelo Island xeric scrub"|13|"Deserts & Xeric Shrublands"|6|"Neotropics"|"teow"
"61312"|61312|"Motagua Valley thornscrub"|13|"Deserts & Xeric Shrublands"|6|"Neotropics"|"teow"
"61313"|61313|"Paraguana xeric scrub"|13|"Deserts & Xeric Shrublands"|6|"Neotropics"|"teow"
"61314"|61314|"San Lucan xeric scrub"|13|"Deserts & Xeric Shrublands"|6|"Neotropics"|"teow"
"61315"|61315|"Sechura desert"|13|"Deserts & Xeric Shrublands"|6|"Neotropics"|"teow"
"61316"|61316|"Tehuacán Valley matorral"|13|"Deserts & Xeric Shrublands"|6|"Neotropics"|"teow"
"61318"|61318|"St. Peter and St. Paul rocks"|13|"Deserts & Xeric Shrublands"|6|"Neotropics"|"teow"
"61401"|61401|"Amazon-Orinoco-Southern Caribbean mangroves"|14|"Mangroves"|6|"Neotropics"|"teow"
"61402"|61402|"Bahamian-Antillean mangroves"|14|"Mangroves"|6|"Neotropics"|"teow"
"61403"|61403|"Mesoamerican Gulf-Caribbean mangroves"|14|"Mangroves"|6|"Neotropics"|"teow"
"61404"|61404|"Northern Mesoamerican Pacific mangroves"|14|"Mangroves"|6|"Neotropics"|"teow"
"61405"|61405|"South American Pacific mangroves"|14|"Mangroves"|6|"Neotropics"|"teow"
"61406"|61406|"Southern Atlantic mangroves"|14|"Mangroves"|6|"Neotropics"|"teow"
"61407"|61407|"Southern Mesoamerican Pacific mangroves"|14|"Mangroves"|6|"Neotropics"|"teow"
"70101"|70101|"Carolines tropical moist forests"|1|"Tropical & Subtropical Moist Broadleaf Forests"|7|"Oceania"|"teow"
"70102"|70102|"Central Polynesian tropical moist forests"|1|"Tropical & Subtropical Moist Broadleaf Forests"|7|"Oceania"|"teow"
"70103"|70103|"Cook Islands tropical moist forests"|1|"Tropical & Subtropical Moist Broadleaf Forests"|7|"Oceania"|"teow"
"70104"|70104|"Eastern Micronesia tropical moist forests"|1|"Tropical & Subtropical Moist Broadleaf Forests"|7|"Oceania"|"teow"
"70105"|70105|"Fiji tropical moist forests"|1|"Tropical & Subtropical Moist Broadleaf Forests"|7|"Oceania"|"teow"
"70106"|70106|"Hawaii tropical moist forests"|1|"Tropical & Subtropical Moist Broadleaf Forests"|7|"Oceania"|"teow"
"70107"|70107|"Kermadec Islands subtropical moist forests"|1|"Tropical & Subtropical Moist Broadleaf Forests"|7|"Oceania"|"teow"
"70108"|70108|"Marquesas tropical moist forests"|1|"Tropical & Subtropical Moist Broadleaf Forests"|7|"Oceania"|"teow"
"70109"|70109|"Ogasawara subtropical moist forests"|1|"Tropical & Subtropical Moist Broadleaf Forests"|7|"Oceania"|"teow"
"70110"|70110|"Palau tropical moist forests"|1|"Tropical & Subtropical Moist Broadleaf Forests"|7|"Oceania"|"teow"
"70111"|70111|"Rapa Nui subtropical broadleaf forests"|1|"Tropical & Subtropical Moist Broadleaf Forests"|7|"Oceania"|"teow"
"70112"|70112|"Samoan tropical moist forests"|1|"Tropical & Subtropical Moist Broadleaf Forests"|7|"Oceania"|"teow"
"70113"|70113|"Society Islands tropical moist forests"|1|"Tropical & Subtropical Moist Broadleaf Forests"|7|"Oceania"|"teow"
"70114"|70114|"Tongan tropical moist forests"|1|"Tropical & Subtropical Moist Broadleaf Forests"|7|"Oceania"|"teow"
"70115"|70115|"Tuamotu tropical moist forests"|1|"Tropical & Subtropical Moist Broadleaf Forests"|7|"Oceania"|"teow"
"70116"|70116|"Tubuai tropical moist forests"|1|"Tropical & Subtropical Moist Broadleaf Forests"|7|"Oceania"|"teow"
"70117"|70117|"Western Polynesian tropical moist forests"|1|"Tropical & Subtropical Moist Broadleaf Forests"|7|"Oceania"|"teow"
"70201"|70201|"Fiji tropical dry forests"|2|"Tropical & Subtropical Dry Broadleaf Forests"|7|"Oceania"|"teow"
"70202"|70202|"Hawaii tropical dry forests"|2|"Tropical & Subtropical Dry Broadleaf Forests"|7|"Oceania"|"teow"
"70203"|70203|"Marianas tropical dry forests"|2|"Tropical & Subtropical Dry Broadleaf Forests"|7|"Oceania"|"teow"
"70204"|70204|"Yap tropical dry forests"|2|"Tropical & Subtropical Dry Broadleaf Forests"|7|"Oceania"|"teow"
"70701"|70701|"Hawaii tropical high shrublands"|7|"Tropical & Subtropical Grasslands, Savannas & Shrublands"|7|"Oceania"|"teow"
"70702"|70702|"Hawaii tropical low shrublands"|7|"Tropical & Subtropical Grasslands, Savannas & Shrublands"|7|"Oceania"|"teow"
"70703"|70703|"Northwestern Hawaii scrub"|7|"Tropical & Subtropical Grasslands, Savannas & Shrublands"|7|"Oceania"|"teow"
"80101"|80101|"Guizhou Plateau broadleaf and mixed forests"|1|"Tropical & Subtropical Moist Broadleaf Forests"|8|"Palearctic"|"teow"
"80102"|80102|"Yunnan Plateau subtropical evergreen forests"|1|"Tropical & Subtropical Moist Broadleaf Forests"|8|"Palearctic"|"teow"
"80401"|80401|"Appenine deciduous montane forests"|4|"Temperate Broadleaf & Mixed Forests"|8|"Palearctic"|"teow"
"80402"|80402|"Atlantic mixed forests"|4|"Temperate Broadleaf & Mixed Forests"|8|"Palearctic"|"teow"
"80403"|80403|"Azores temperate mixed forests"|4|"Temperate Broadleaf & Mixed Forests"|8|"Palearctic"|"teow"
"80404"|80404|"Balkan mixed forests"|4|"Temperate Broadleaf & Mixed Forests"|8|"Palearctic"|"teow"
"80405"|80405|"Baltic mixed forests"|4|"Temperate Broadleaf & Mixed Forests"|8|"Palearctic"|"teow"
"80406"|80406|"Cantabrian mixed forests"|4|"Temperate Broadleaf & Mixed Forests"|8|"Palearctic"|"teow"
"80407"|80407|"Caspian Hyrcanian mixed forests"|4|"Temperate Broadleaf & Mixed Forests"|8|"Palearctic"|"teow"
"80408"|80408|"Caucasus mixed forests"|4|"Temperate Broadleaf & Mixed Forests"|8|"Palearctic"|"teow"
"80409"|80409|"Celtic broadleaf forests"|4|"Temperate Broadleaf & Mixed Forests"|8|"Palearctic"|"teow"
"80410"|80410|"Central Anatolian steppe and woodlands"|4|"Temperate Broadleaf & Mixed Forests"|8|"Palearctic"|"teow"
"80411"|80411|"Central China loess plateau mixed forests"|4|"Temperate Broadleaf & Mixed Forests"|8|"Palearctic"|"teow"
"80412"|80412|"Central European mixed forests"|4|"Temperate Broadleaf & Mixed Forests"|8|"Palearctic"|"teow"
"80413"|80413|"Central Korean deciduous forests"|4|"Temperate Broadleaf & Mixed Forests"|8|"Palearctic"|"teow"
"80414"|80414|"Changbai Mountains mixed forests"|4|"Temperate Broadleaf & Mixed Forests"|8|"Palearctic"|"teow"
"80415"|80415|"Changjiang Plain evergreen forests"|4|"Temperate Broadleaf & Mixed Forests"|8|"Palearctic"|"teow"
"80416"|80416|"Crimean Submediterranean forest complex"|4|"Temperate Broadleaf & Mixed Forests"|8|"Palearctic"|"teow"
"80417"|80417|"Daba Mountains evergreen forests"|4|"Temperate Broadleaf & Mixed Forests"|8|"Palearctic"|"teow"
"80418"|80418|"Dinaric Mountains mixed forests"|4|"Temperate Broadleaf & Mixed Forests"|8|"Palearctic"|"teow"
"80419"|80419|"East European forest steppe"|4|"Temperate Broadleaf & Mixed Forests"|8|"Palearctic"|"teow"
"80420"|80420|"Eastern Anatolian deciduous forests"|4|"Temperate Broadleaf & Mixed Forests"|8|"Palearctic"|"teow"
"80421"|80421|"English Lowlands beech forests"|4|"Temperate Broadleaf & Mixed Forests"|8|"Palearctic"|"teow"
"80422"|80422|"Euxine-Colchic broadleaf forests"|4|"Temperate Broadleaf & Mixed Forests"|8|"Palearctic"|"teow"
"80423"|80423|"Hokkaido deciduous forests"|4|"Temperate Broadleaf & Mixed Forests"|8|"Palearctic"|"teow"
"80424"|80424|"Huang He Plain mixed forests"|4|"Temperate Broadleaf & Mixed Forests"|8|"Palearctic"|"teow"
"80425"|80425|"Madeira evergreen forests"|4|"Temperate Broadleaf & Mixed Forests"|8|"Palearctic"|"teow"
"80426"|80426|"Manchurian mixed forests"|4|"Temperate Broadleaf & Mixed Forests"|8|"Palearctic"|"teow"
"80427"|80427|"Nihonkai evergreen forests"|4|"Temperate Broadleaf & Mixed Forests"|8|"Palearctic"|"teow"
"80428"|80428|"Nihonkai montane deciduous forests"|4|"Temperate Broadleaf & Mixed Forests"|8|"Palearctic"|"teow"
"80429"|80429|"North Atlantic moist mixed forests"|4|"Temperate Broadleaf & Mixed Forests"|8|"Palearctic"|"teow"
"80430"|80430|"Northeast China Plain deciduous forests"|4|"Temperate Broadleaf & Mixed Forests"|8|"Palearctic"|"teow"
"80431"|80431|"Pannonian mixed forests"|4|"Temperate Broadleaf & Mixed Forests"|8|"Palearctic"|"teow"
"80432"|80432|"Po Basin mixed forests"|4|"Temperate Broadleaf & Mixed Forests"|8|"Palearctic"|"teow"
"80433"|80433|"Pyrenees conifer and mixed forests"|4|"Temperate Broadleaf & Mixed Forests"|8|"Palearctic"|"teow"
"80434"|80434|"Qin Ling Mountains deciduous forests"|4|"Temperate Broadleaf & Mixed Forests"|8|"Palearctic"|"teow"
"80435"|80435|"Rodope montane mixed forests"|4|"Temperate Broadleaf & Mixed Forests"|8|"Palearctic"|"teow"
"80436"|80436|"Sarmatic mixed forests"|4|"Temperate Broadleaf & Mixed Forests"|8|"Palearctic"|"teow"
"80437"|80437|"Sichuan Basin evergreen broadleaf forests"|4|"Temperate Broadleaf & Mixed Forests"|8|"Palearctic"|"teow"
"80438"|80438|"South Sakhalin-Kurile mixed forests"|4|"Temperate Broadleaf & Mixed Forests"|8|"Palearctic"|"teow"
"80439"|80439|"Southern Korea evergreen forests"|4|"Temperate Broadleaf & Mixed Forests"|8|"Palearctic"|"teow"
"80440"|80440|"Taiheiyo evergreen forests"|4|"Temperate Broadleaf & Mixed Forests"|8|"Palearctic"|"teow"
"80441"|80441|"Taiheiyo montane deciduous forests"|4|"Temperate Broadleaf & Mixed Forests"|8|"Palearctic"|"teow"
"80442"|80442|"Tarim Basin deciduous forests and steppe"|4|"Temperate Broadleaf & Mixed Forests"|8|"Palearctic"|"teow"
"80443"|80443|"Ussuri broadleaf and mixed forests"|4|"Temperate Broadleaf & Mixed Forests"|8|"Palearctic"|"teow"
"80444"|80444|"Western Siberian hemiboreal forests"|4|"Temperate Broadleaf & Mixed Forests"|8|"Palearctic"|"teow"
"80445"|80445|"Western European broadleaf forests"|4|"Temperate Broadleaf & Mixed Forests"|8|"Palearctic"|"teow"
"80446"|80446|"Zagros Mountains forest steppe"|4|"Temperate Broadleaf & Mixed Forests"|8|"Palearctic"|"teow"
"80501"|80501|"Alps conifer and mixed forests"|5|"Temperate Conifer Forests"|8|"Palearctic"|"teow"
"80502"|80502|"Altai montane forest and forest steppe"|5|"Temperate Conifer Forests"|8|"Palearctic"|"teow"
"80503"|80503|"Caledon conifer forests"|5|"Temperate Conifer Forests"|8|"Palearctic"|"teow"
"80504"|80504|"Carpathian montane forests"|5|"Temperate Conifer Forests"|8|"Palearctic"|"teow"
"80505"|80505|"Da Hinggan-Dzhagdy Mountains conifer forests"|5|"Temperate Conifer Forests"|8|"Palearctic"|"teow"
"80506"|80506|"East Afghan montane conifer forests"|5|"Temperate Conifer Forests"|8|"Palearctic"|"teow"
"80507"|80507|"Elburz Range forest steppe"|5|"Temperate Conifer Forests"|8|"Palearctic"|"teow"
"80508"|80508|"Helanshan montane conifer forests"|5|"Temperate Conifer Forests"|8|"Palearctic"|"teow"
"80509"|80509|"Hengduan Mountains subalpine conifer forests"|5|"Temperate Conifer Forests"|8|"Palearctic"|"teow"
"80510"|80510|"Hokkaido montane conifer forests"|5|"Temperate Conifer Forests"|8|"Palearctic"|"teow"
"80511"|80511|"Honshu alpine conifer forests"|5|"Temperate Conifer Forests"|8|"Palearctic"|"teow"
"80512"|80512|"Khangai Mountains conifer forests"|5|"Temperate Conifer Forests"|8|"Palearctic"|"teow"
"80513"|80513|"Mediterranean conifer and mixed forests"|5|"Temperate Conifer Forests"|8|"Palearctic"|"teow"
"80514"|80514|"Northeastern Himalayan subalpine conifer forests"|5|"Temperate Conifer Forests"|8|"Palearctic"|"teow"
"80515"|80515|"Northern Anatolian conifer and deciduous forests"|5|"Temperate Conifer Forests"|8|"Palearctic"|"teow"
"80516"|80516|"Nujiang Langcang Gorge alpine conifer and mixed forests"|5|"Temperate Conifer Forests"|8|"Palearctic"|"teow"
"80517"|80517|"Qilian Mountains conifer forests"|5|"Temperate Conifer Forests"|8|"Palearctic"|"teow"
"80518"|80518|"Qionglai-Minshan conifer forests"|5|"Temperate Conifer Forests"|8|"Palearctic"|"teow"
"80519"|80519|"Sayan montane conifer forests"|5|"Temperate Conifer Forests"|8|"Palearctic"|"teow"
"80520"|80520|"Scandinavian coastal conifer forests"|5|"Temperate Conifer Forests"|8|"Palearctic"|"teow"
"80521"|80521|"Tian Shan montane conifer forests"|5|"Temperate Conifer Forests"|8|"Palearctic"|"teow"
"80601"|80601|"East Siberian taiga"|6|"Boreal Forests/Taiga"|8|"Palearctic"|"teow"
"80602"|80602|"Iceland boreal birch forests and alpine tundra"|6|"Boreal Forests/Taiga"|8|"Palearctic"|"teow"
"80603"|80603|"Kamchatka-Kurile meadows and sparse forests"|6|"Boreal Forests/Taiga"|8|"Palearctic"|"teow"
"80604"|80604|"Kamchatka-Kurile taiga"|6|"Boreal Forests/Taiga"|8|"Palearctic"|"teow"
"80605"|80605|"Northeast Siberian taiga"|6|"Boreal Forests/Taiga"|8|"Palearctic"|"teow"
"80606"|80606|"Okhotsk-Manchurian taiga"|6|"Boreal Forests/Taiga"|8|"Palearctic"|"teow"
"80607"|80607|"Sakhalin Island taiga"|6|"Boreal Forests/Taiga"|8|"Palearctic"|"teow"
"80608"|80608|"Scandinavian and Russian taiga"|6|"Boreal Forests/Taiga"|8|"Palearctic"|"teow"
"80609"|80609|"Trans-Baikal conifer forests"|6|"Boreal Forests/Taiga"|8|"Palearctic"|"teow"
"80610"|80610|"Ural montane forests and tundra"|6|"Boreal Forests/Taiga"|8|"Palearctic"|"teow"
"80611"|80611|"West Siberian taiga"|6|"Boreal Forests/Taiga"|8|"Palearctic"|"teow"
"80801"|80801|"Alai-Western Tian Shan steppe"|8|"Temperate Grasslands, Savannas & Shrublands"|8|"Palearctic"|"teow"
"80802"|80802|"Altai steppe and semi-desert"|8|"Temperate Grasslands, Savannas & Shrublands"|8|"Palearctic"|"teow"
"80803"|80803|"Central Anatolian steppe"|8|"Temperate Grasslands, Savannas & Shrublands"|8|"Palearctic"|"teow"
"80804"|80804|"Daurian forest steppe"|8|"Temperate Grasslands, Savannas & Shrublands"|8|"Palearctic"|"teow"
"80805"|80805|"Eastern Anatolian montane steppe"|8|"Temperate Grasslands, Savannas & Shrublands"|8|"Palearctic"|"teow"
"80806"|80806|"Emin Valley steppe"|8|"Temperate Grasslands, Savannas & Shrublands"|8|"Palearctic"|"teow"
"80807"|80807|"Faroe Islands boreal grasslands"|8|"Temperate Grasslands, Savannas & Shrublands"|8|"Palearctic"|"teow"
"80808"|80808|"Gissaro-Alai open woodlands"|8|"Temperate Grasslands, Savannas & Shrublands"|8|"Palearctic"|"teow"
"80809"|80809|"Kazakh forest steppe"|8|"Temperate Grasslands, Savannas & Shrublands"|8|"Palearctic"|"teow"
"80810"|80810|"Kazakh steppe"|8|"Temperate Grasslands, Savannas & Shrublands"|8|"Palearctic"|"teow"
"80811"|80811|"Kazakh upland"|8|"Temperate Grasslands, Savannas & Shrublands"|8|"Palearctic"|"teow"
"80812"|80812|"Middle East steppe"|8|"Temperate Grasslands, Savannas & Shrublands"|8|"Palearctic"|"teow"
"80813"|80813|"Mongolian-Manchurian grassland"|8|"Temperate Grasslands, Savannas & Shrublands"|8|"Palearctic"|"teow"
"80814"|80814|"Pontic steppe"|8|"Temperate Grasslands, Savannas & Shrublands"|8|"Palearctic"|"teow"
"80815"|80815|"Sayan Intermontane steppe"|8|"Temperate Grasslands, Savannas & Shrublands"|8|"Palearctic"|"teow"
"80816"|80816|"Selenge-Orkhon forest steppe"|8|"Temperate Grasslands, Savannas & Shrublands"|8|"Palearctic"|"teow"
"80817"|80817|"South Siberian forest steppe"|8|"Temperate Grasslands, Savannas & Shrublands"|8|"Palearctic"|"teow"
"80818"|80818|"Tian Shan foothill arid steppe"|8|"Temperate Grasslands, Savannas & Shrublands"|8|"Palearctic"|"teow"
"80901"|80901|"Amur meadow steppe"|9|"Flooded Grasslands & Savannas"|8|"Palearctic"|"teow"
"80902"|80902|"Bohai Sea saline meadow"|9|"Flooded Grasslands & Savannas"|8|"Palearctic"|"teow"
"80903"|80903|"Nenjiang River grassland"|9|"Flooded Grasslands & Savannas"|8|"Palearctic"|"teow"
"80904"|80904|"Nile Delta flooded savanna"|9|"Flooded Grasslands & Savannas"|8|"Palearctic"|"teow"
"80905"|80905|"Saharan halophytics"|9|"Flooded Grasslands & Savannas"|8|"Palearctic"|"teow"
"80906"|80906|"Tigris-Euphrates alluvial salt marsh"|9|"Flooded Grasslands & Savannas"|8|"Palearctic"|"teow"
"80907"|80907|"Suiphun-Khanka meadows and forest meadows"|9|"Flooded Grasslands & Savannas"|8|"Palearctic"|"teow"
"80908"|80908|"Yellow Sea saline meadow"|9|"Flooded Grasslands & Savannas"|8|"Palearctic"|"teow"
"81001"|81001|"Altai alpine meadow and tundra"|10|"Montane Grasslands & Shrublands"|8|"Palearctic"|"teow"
"81002"|81002|"Central Tibetan Plateau alpine steppe"|10|"Montane Grasslands & Shrublands"|8|"Palearctic"|"teow"
"81003"|81003|"Eastern Himalayan alpine shrub and meadows"|10|"Montane Grasslands & Shrublands"|8|"Palearctic"|"teow"
"81004"|81004|"Ghorat-Hazarajat alpine meadow"|10|"Montane Grasslands & Shrublands"|8|"Palearctic"|"teow"
"81005"|81005|"Hindu Kush alpine meadow"|10|"Montane Grasslands & Shrublands"|8|"Palearctic"|"teow"
"81006"|81006|"Karakoram-West Tibetan Plateau alpine steppe"|10|"Montane Grasslands & Shrublands"|8|"Palearctic"|"teow"
"81007"|81007|"Khangai Mountains alpine meadow"|10|"Montane Grasslands & Shrublands"|8|"Palearctic"|"teow"
"81008"|81008|"Kopet Dag woodlands and forest steppe"|10|"Montane Grasslands & Shrublands"|8|"Palearctic"|"teow"
"81009"|81009|"Kuh Rud and Eastern Iran montane woodlands"|10|"Montane Grasslands & Shrublands"|8|"Palearctic"|"teow"
"81010"|81010|"Mediterranean High Atlas juniper steppe"|10|"Montane Grasslands & Shrublands"|8|"Palearctic"|"teow"
"81011"|81011|"North Tibetan Plateau-Kunlun Mountains alpine desert"|10|"Montane Grasslands & Shrublands"|8|"Palearctic"|"teow"
"81012"|81012|"Northwestern Himalayan alpine shrub and meadows"|10|"Montane Grasslands & Shrublands"|8|"Palearctic"|"teow"
"81013"|81013|"Ordos Plateau steppe"|10|"Montane Grasslands & Shrublands"|8|"Palearctic"|"teow"
"81014"|81014|"Pamir alpine desert and tundra"|10|"Montane Grasslands & Shrublands"|8|"Palearctic"|"teow"
"81015"|81015|"Qilian Mountains subalpine meadows"|10|"Montane Grasslands & Shrublands"|8|"Palearctic"|"teow"
"81016"|81016|"Sayan Alpine meadows and tundra"|10|"Montane Grasslands & Shrublands"|8|"Palearctic"|"teow"
"81017"|81017|"Southeast Tibet shrublands and meadows"|10|"Montane Grasslands & Shrublands"|8|"Palearctic"|"teow"
"81018"|81018|"Sulaiman Range alpine meadows"|10|"Montane Grasslands & Shrublands"|8|"Palearctic"|"teow"
"81019"|81019|"Tian Shan montane steppe and meadows"|10|"Montane Grasslands & Shrublands"|8|"Palearctic"|"teow"
"81020"|81020|"Tibetan Plateau alpine shrublands and meadows"|10|"Montane Grasslands & Shrublands"|8|"Palearctic"|"teow"
"81021"|81021|"Western Himalayan alpine shrub and Meadows"|10|"Montane Grasslands & Shrublands"|8|"Palearctic"|"teow"
"81022"|81022|"Yarlung Tsangpo arid steppe"|10|"Montane Grasslands & Shrublands"|8|"Palearctic"|"teow"
"81101"|81101|"Arctic desert"|11|"Tundra"|8|"Palearctic"|"teow"
"81102"|81102|"Bering tundra"|11|"Tundra"|8|"Palearctic"|"teow"
"81103"|81103|"Cherskii-Kolyma mountain tundra"|11|"Tundra"|8|"Palearctic"|"teow"
"81104"|81104|"Chukchi Peninsula tundra"|11|"Tundra"|8|"Palearctic"|"teow"
"81105"|81105|"Kamchatka Mountain tundra and forest tundra"|11|"Tundra"|8|"Palearctic"|"teow"
"81106"|81106|"Kola Peninsula tundra"|11|"Tundra"|8|"Palearctic"|"teow"
"81107"|81107|"Northeast Siberian coastal tundra"|11|"Tundra"|8|"Palearctic"|"teow"
"81108"|81108|"Northwest Russian-Novaya Zemlya tundra"|11|"Tundra"|8|"Palearctic"|"teow"
"81109"|81109|"Novosibirsk Islands arctic desert"|11|"Tundra"|8|"Palearctic"|"teow"
"81110"|81110|"Scandinavian Montane Birch forest and grasslands"|11|"Tundra"|8|"Palearctic"|"teow"
"81111"|81111|"Taimyr-Central Siberian tundra"|11|"Tundra"|8|"Palearctic"|"teow"
"81112"|81112|"Trans-Baikal Bald Mountain tundra"|11|"Tundra"|8|"Palearctic"|"teow"
"81113"|81113|"Wrangel Island arctic desert"|11|"Tundra"|8|"Palearctic"|"teow"
"81114"|81114|"Yamal-Gydan tundra"|11|"Tundra"|8|"Palearctic"|"teow"
"81201"|81201|"Aegean and Western Turkey sclerophyllous and mixed forests"|12|"Mediterranean Forests, Woodlands & Scrub"|8|"Palearctic"|"teow"
"81202"|81202|"Anatolian conifer and deciduous mixed forests"|12|"Mediterranean Forests, Woodlands & Scrub"|8|"Palearctic"|"teow"
"81203"|81203|"Canary Islands dry woodlands and forests"|12|"Mediterranean Forests, Woodlands & Scrub"|8|"Palearctic"|"teow"
"81204"|81204|"Corsican montane broadleaf and mixed forests"|12|"Mediterranean Forests, Woodlands & Scrub"|8|"Palearctic"|"teow"
"81205"|81205|"Crete Mediterranean forests"|12|"Mediterranean Forests, Woodlands & Scrub"|8|"Palearctic"|"teow"
"81206"|81206|"Cyprus Mediterranean forests"|12|"Mediterranean Forests, Woodlands & Scrub"|8|"Palearctic"|"teow"
"81207"|81207|"Eastern Mediterranean conifer-sclerophyllous-broadleaf forests"|12|"Mediterranean Forests, Woodlands & Scrub"|8|"Palearctic"|"teow"
"81208"|81208|"Iberian conifer forests"|12|"Mediterranean Forests, Woodlands & Scrub"|8|"Palearctic"|"teow"
"81209"|81209|"Iberian sclerophyllous and semi-deciduous forests"|12|"Mediterranean Forests, Woodlands & Scrub"|8|"Palearctic"|"teow"
"81210"|81210|"Illyrian deciduous forests"|12|"Mediterranean Forests, Woodlands & Scrub"|8|"Palearctic"|"teow"
"81211"|81211|"Italian sclerophyllous and semi-deciduous forests"|12|"Mediterranean Forests, Woodlands & Scrub"|8|"Palearctic"|"teow"
"81212"|81212|"Mediterranean acacia-argania dry woodlands and succulent thickets"|12|"Mediterranean Forests, Woodlands & Scrub"|8|"Palearctic"|"teow"
"81213"|81213|"Mediterranean dry woodlands and steppe"|12|"Mediterranean Forests, Woodlands & Scrub"|8|"Palearctic"|"teow"
"81214"|81214|"Mediterranean woodlands and forests"|12|"Mediterranean Forests, Woodlands & Scrub"|8|"Palearctic"|"teow"
"81215"|81215|"Northeastern Spain and Southern France Mediterranean forests"|12|"Mediterranean Forests, Woodlands & Scrub"|8|"Palearctic"|"teow"
"81216"|81216|"Northwest Iberian montane forests"|12|"Mediterranean Forests, Woodlands & Scrub"|8|"Palearctic"|"teow"
"81217"|81217|"Pindus Mountains mixed forests"|12|"Mediterranean Forests, Woodlands & Scrub"|8|"Palearctic"|"teow"
"81218"|81218|"South Appenine mixed montane forests"|12|"Mediterranean Forests, Woodlands & Scrub"|8|"Palearctic"|"teow"
"81219"|81219|"Southeastern Iberian shrubs and woodlands"|12|"Mediterranean Forests, Woodlands & Scrub"|8|"Palearctic"|"teow"
"81220"|81220|"Southern Anatolian montane conifer and deciduous forests"|12|"Mediterranean Forests, Woodlands & Scrub"|8|"Palearctic"|"teow"
"81221"|81221|"Southwest Iberian Mediterranean sclerophyllous and mixed forests"|12|"Mediterranean Forests, Woodlands & Scrub"|8|"Palearctic"|"teow"
"81222"|81222|"Tyrrhenian-Adriatic Sclerophyllous and mixed forests"|12|"Mediterranean Forests, Woodlands & Scrub"|8|"Palearctic"|"teow"
"81301"|81301|"Afghan Mountains semi-desert"|13|"Deserts & Xeric Shrublands"|8|"Palearctic"|"teow"
"81302"|81302|"Alashan Plateau semi-desert"|13|"Deserts & Xeric Shrublands"|8|"Palearctic"|"teow"
"81303"|81303|"Arabian Desert and East Sahero-Arabian xeric shrublands"|13|"Deserts & Xeric Shrublands"|8|"Palearctic"|"teow"
"81304"|81304|"Atlantic coastal desert"|13|"Deserts & Xeric Shrublands"|8|"Palearctic"|"teow"
"81305"|81305|"Azerbaijan shrub desert and steppe"|13|"Deserts & Xeric Shrublands"|8|"Palearctic"|"teow"
"81306"|81306|"Badghyz and Karabil semi-desert"|13|"Deserts & Xeric Shrublands"|8|"Palearctic"|"teow"
"81307"|81307|"Baluchistan xeric woodlands"|13|"Deserts & Xeric Shrublands"|8|"Palearctic"|"teow"
"81308"|81308|"Caspian lowland desert"|13|"Deserts & Xeric Shrublands"|8|"Palearctic"|"teow"
"81309"|81309|"Central Afghan Mountains xeric woodlands"|13|"Deserts & Xeric Shrublands"|8|"Palearctic"|"teow"
"81310"|81310|"Central Asian northern desert"|13|"Deserts & Xeric Shrublands"|8|"Palearctic"|"teow"
"81311"|81311|"Central Asian riparian woodlands"|13|"Deserts & Xeric Shrublands"|8|"Palearctic"|"teow"
"81312"|81312|"Central Asian southern desert"|13|"Deserts & Xeric Shrublands"|8|"Palearctic"|"teow"
"81313"|81313|"Central Persian desert basins"|13|"Deserts & Xeric Shrublands"|8|"Palearctic"|"teow"
"81314"|81314|"Eastern Gobi desert steppe"|13|"Deserts & Xeric Shrublands"|8|"Palearctic"|"teow"
"81315"|81315|"Gobi Lakes Valley desert steppe"|13|"Deserts & Xeric Shrublands"|8|"Palearctic"|"teow"
"81316"|81316|"Great Lakes Basin desert steppe"|13|"Deserts & Xeric Shrublands"|8|"Palearctic"|"teow"
"81317"|81317|"Junggar Basin semi-desert"|13|"Deserts & Xeric Shrublands"|8|"Palearctic"|"teow"
"81318"|81318|"Kazakh semi-desert"|13|"Deserts & Xeric Shrublands"|8|"Palearctic"|"teow"
"81319"|81319|"Kopet Dag semi-desert"|13|"Deserts & Xeric Shrublands"|8|"Palearctic"|"teow"
"81320"|81320|"Mesopotamian shrub desert"|13|"Deserts & Xeric Shrublands"|8|"Palearctic"|"teow"
"81321"|81321|"North Saharan steppe and woodlands"|13|"Deserts & Xeric Shrublands"|8|"Palearctic"|"teow"
"81322"|81322|"Paropamisus xeric woodlands"|13|"Deserts & Xeric Shrublands"|8|"Palearctic"|"teow"
"81323"|81323|"Persian Gulf desert and semi-desert"|13|"Deserts & Xeric Shrublands"|8|"Palearctic"|"teow"
"81324"|81324|"Qaidam Basin semi-desert"|13|"Deserts & Xeric Shrublands"|8|"Palearctic"|"teow"
"81325"|81325|"Red Sea Nubo-Sindian tropical desert and semi-desert"|13|"Deserts & Xeric Shrublands"|8|"Palearctic"|"teow"
"81326"|81326|"Registan-North Pakistan sandy desert"|13|"Deserts & Xeric Shrublands"|8|"Palearctic"|"teow"
"81327"|81327|"Sahara desert"|13|"Deserts & Xeric Shrublands"|8|"Palearctic"|"teow"
"81328"|81328|"South Iran Nubo-Sindian desert and semi-desert"|13|"Deserts & Xeric Shrublands"|8|"Palearctic"|"teow"
"81329"|81329|"South Saharan steppe and woodlands"|13|"Deserts & Xeric Shrublands"|8|"Palearctic"|"teow"
"81330"|81330|"Taklimakan desert"|13|"Deserts & Xeric Shrublands"|8|"Palearctic"|"teow"
"81331"|81331|"Tibesti-Jebel Uweinat montane xeric woodlands"|13|"Deserts & Xeric Shrublands"|8|"Palearctic"|"teow"
"81332"|81332|"West Saharan montane xeric woodlands"|13|"Deserts & Xeric Shrublands"|8|"Palearctic"|"teow"
"81333"|81333|"Red Sea coastal desert"|13|"Deserts & Xeric Shrublands"|8|"Palearctic"|"teow"
